POP_TOT_2022,A2021_1_Compr_media,CUM_2011_2021_TOT_TRS_IMM,TRS_IMM/TOT_POP*1000
3238,380,206,63
6097,390,347,57
5067,415,517,102
3367,415,210,62
3167,418,48,15
4354,423,102,23
3390,448,188,56
6771,450,277,41
3257,450,210,64
8688,453,588,68
4765,453,270,57
3490,458,150,43
5484,463,269,49
6774,463,368,54
3466,463,207,60
4181,465,181,43
3150,470,336,107
3932,470,194,49
8714,470,366,42
5298,470,512,97
4347,473,373,86
3267,475,138,42
5418,475,407,75
4309,475,209,48
3768,475,37,10
4280,475,318,74
4602,478,320,70
8928,483,429,48
3727,483,144,39
3500,490,205,59
7645,490,630,82
4159,490,225,54
8721,493,654,75
3296,493,144,44
9353,495,455,49
5908,495,223,38
3881,500,177,45
3704,500,355,96
3098,500,76,24
4622,500,112,24
4838,500,242,50
3344,500,171,51
4450,500,375,84
5747,500,426,74
3428,503,429,125
5697,503,343,60
4942,503,225,45
3083,503,186,60
6692,505,614,92
13763,505,483,35
3944,508,143,36
3635,510,265,73
6080,510,334,55
3942,510,104,26
5486,515,239,44
4954,515,252,51
6726,515,335,50
6214,515,267,43
3955,515,177,45
3451,518,112,32
3482,518,46,13
4190,518,292,70
5897,520,289,49
3678,520,144,39
7639,520,357,47
3122,520,124,40
4948,520,265,53
4199,520,598,142
3048,525,201,66
8286,525,212,26
5629,525,625,111
6269,525,180,29
3740,525,198,53
10948,525,457,42
4607,525,491,107
10344,525,397,38
3667,528,284,78
11720,530,531,45
5236,530,272,52
3159,530,397,126
5685,535,266,47
4889,535,89,18
4998,535,234,47
8204,535,353,43
3959,535,201,51
6777,540,427,63
3891,540,142,37
4264,540,326,76
3736,543,28,7
3304,545,287,87
4437,545,178,40
4097,545,242,59
3555,550,258,73
6170,550,259,42
9386,550,320,34
10151,550,316,31
7838,550,337,43
3812,550,126,33
4699,550,298,63
3903,550,266,68
3971,550,64,16
3043,553,294,97
5857,553,311,53
4859,555,159,33
7134,555,338,47
3089,555,173,56
3691,555,308,83
3517,560,476,135
3594,560,85,24
3125,560,77,25
7747,560,498,64
3612,560,167,46
3227,560,186,58
3325,560,453,136
7604,560,451,59
4785,560,361,75
7711,563,195,25
6179,565,467,76
8860,565,577,65
12566,565,659,52
6796,565,493,73
15802,565,623,39
5878,568,558,95
10379,568,361,35
5996,570,363,61
4634,570,83,18
3069,570,88,29
14002,570,746,53
3015,570,215,71
5703,570,311,55
3654,575,226,62
4875,575,232,48
13421,575,454,34
3473,575,123,36
6329,575,379,60
10313,575,721,70
5091,575,229,45
3011,575,56,19
3105,575,93,30
3194,575,125,39
9829,580,462,47
3389,585,279,82
7384,585,666,90
4868,585,284,58
5129,585,393,77
7082,585,484,68
3164,588,241,76
3990,590,162,41
4286,593,351,82
4343,593,158,36
3762,595,204,54
7132,595,416,58
14099,595,629,45
5343,595,97,18
4201,595,242,58
5920,595,315,53
3525,600,242,69
6216,600,230,37
6134,600,309,50
5241,600,601,115
3667,600,261,71
16211,600,836,52
3480,600,145,42
3546,605,339,96
11345,605,469,41
4727,605,238,50
3282,605,247,75
3753,610,377,101
3246,610,146,45
5961,610,238,40
4191,610,239,57
6865,610,275,40
3598,610,199,55
3293,613,267,81
4288,615,313,73
3428,615,201,59
3284,615,242,74
3591,615,189,53
8620,620,442,51
4188,620,259,62
3190,625,325,102
3231,625,287,89
3263,625,206,63
4901,625,243,50
4012,625,162,40
4623,625,203,44
6741,625,269,40
3042,625,134,44
13986,625,1106,79
5563,625,374,67
3946,625,213,54
9885,625,458,46
5854,625,371,63
4441,625,445,100
4488,625,204,45
12184,625,673,55
4995,625,345,69
8298,625,454,55
3356,625,142,42
3051,625,202,66
4095,630,126,31
3182,630,250,79
3972,630,113,28
4665,630,227,49
3746,630,159,42
5199,630,168,32
13482,630,751,56
6032,630,394,65
6635,630,290,44
14639,630,359,24
6243,630,434,69
4780,635,367,77
10011,635,938,94
3641,640,242,67
3092,640,120,39
4198,645,278,66
5691,645,309,54
4999,645,238,48
3870,645,166,43
3631,645,174,48
3863,645,191,49
3832,645,247,64
5588,645,523,94
8024,645,564,70
4594,650,399,87
7112,650,548,77
7156,650,465,65
4926,650,384,78
4531,650,286,63
3455,650,102,30
6220,650,928,149
19372,650,1198,62
10993,650,1177,107
4857,650,366,75
4753,650,283,60
5721,650,211,37
5261,650,631,120
10493,650,703,67
4546,650,178,39
4836,650,174,36
3777,655,349,92
10956,655,807,74
3577,655,96,27
3071,655,223,73
6310,655,471,75
5059,655,156,31
3094,655,127,41
3648,660,333,91
5421,660,307,57
3380,660,186,55
6311,660,268,42
6415,660,368,57
10631,660,986,93
6441,660,492,76
3087,665,423,137
3741,665,375,100
5584,665,375,67
3554,665,318,90
3049,665,342,112
4074,665,112,27
5399,665,280,52
6636,665,268,40
3230,670,233,72
4181,670,474,113
3365,670,220,65
6520,670,136,21
4449,670,180,41
6011,670,319,53
9175,670,659,72
11086,670,761,69
5167,670,472,91
10581,670,381,36
3085,675,416,135
3310,675,333,101
3048,675,579,190
3427,675,269,78
3652,675,362,99
3279,675,369,113
3414,675,322,94
3505,675,324,92
3185,675,332,104
3050,675,200,65
6583,675,487,74
6802,675,526,77
6640,675,586,88
4202,675,184,44
5430,675,338,62
4519,675,144,32
3848,675,131,34
4564,675,154,34
5518,675,266,48
5511,675,200,36
7216,675,516,72
6275,675,179,29
4936,675,175,35
7186,675,198,28
12617,675,753,60
5925,675,509,86
5707,675,357,63
5228,675,330,63
9630,675,650,68
8672,675,416,48
19254,675,670,35
10082,675,536,53
7051,675,767,109
16187,675,1565,97
7578,675,272,36
6243,675,258,41
3916,680,274,70
3743,680,389,104
3390,680,190,56
3274,680,154,47
3918,680,207,53
3774,680,85,23
3274,680,330,101
5835,680,345,59
3740,685,342,92
3262,685,138,42
6630,685,222,33
7502,685,390,52
8741,685,784,90
3605,685,157,43
9960,685,465,47
14947,685,704,47
10500,685,474,45
7726,685,587,76
3926,685,380,97
8109,690,719,89
14313,690,849,59
3461,690,136,39
3021,690,126,42
3225,690,117,36
6820,690,277,41
3035,690,175,58
3323,690,142,43
4123,695,319,77
3508,695,152,43
13425,695,768,57
3855,695,145,38
4129,695,148,36
3311,695,192,58
9903,695,541,55
3109,700,310,100
4045,700,303,75
14015,700,1243,89
4054,700,324,80
4237,700,299,71
5198,700,455,88
4267,700,269,63
4531,700,220,48
3202,700,103,32
7812,700,393,50
12139,700,285,24
5732,700,281,49
3016,700,303,101
4733,700,166,35
3271,700,121,37
6648,700,392,59
15095,700,1073,71
3345,700,119,35
3231,700,188,58
3692,700,109,29
3842,700,179,47
3614,700,131,36
3101,705,103,33
11922,705,484,41
9932,705,489,49
4295,710,270,63
5272,710,395,75
6329,710,560,88
3271,710,357,109
5178,710,347,67
3230,710,252,78
4534,710,380,84
5946,710,543,91
3759,710,257,68
3054,710,295,97
4069,710,327,80
5140,710,583,113
5782,710,559,97
4824,710,400,83
6854,710,269,39
3423,710,163,48
3608,710,188,52
13156,710,715,54
8796,710,275,31
6304,710,296,47
6180,710,424,69
5792,710,199,34
4661,715,204,44
3754,715,53,14
6971,715,270,39
9628,715,525,55
6739,715,528,78
4388,715,332,76
7162,720,930,130
4513,720,383,85
3415,720,149,44
4038,720,286,71
3650,720,146,40
6796,720,351,52
5672,720,281,50
6163,720,440,71
6355,720,405,64
7636,725,709,93
7596,725,674,89
3817,725,358,94
6363,725,441,69
5551,725,455,82
3587,725,252,70
3410,725,273,80
4999,725,221,44
8423,725,185,22
3069,725,126,41
6782,725,464,68
4164,725,229,55
16106,725,851,53
4283,725,634,148
4677,725,201,43
12000,725,526,44
18307,725,1076,59
9128,725,625,68
7453,725,358,48
8421,725,519,62
6619,725,352,53
4350,725,172,40
3777,725,196,52
11134,725,565,51
4581,725,165,36
3440,725,120,35
4151,730,113,27
3701,730,136,37
11551,730,757,66
8075,735,748,93
5497,735,455,83
3558,735,223,63
4601,735,163,35
8963,735,335,37
10743,735,741,69
3985,735,107,27
3261,740,231,71
3141,740,179,57
8219,740,469,57
5719,745,433,76
3064,750,276,90
3777,750,261,69
6080,750,602,99
4562,750,400,88
4180,750,347,83
4751,750,320,67
3054,750,222,73
7271,750,607,84
7507,750,636,85
8744,750,932,107
3007,750,244,81
8663,750,616,71
4096,750,336,82
5353,750,353,66
6716,750,432,64
7760,750,525,68
10001,750,629,63
3451,750,210,61
3751,750,544,145
6848,750,609,89
4436,750,353,80
4160,750,198,47
4072,750,174,43
6975,750,332,48
4154,750,178,43
3020,750,150,50
6409,750,390,61
7390,750,218,29
3357,750,97,29
4515,750,176,39
5761,750,319,55
3206,750,186,58
7220,750,378,52
3563,750,262,74
16869,750,1187,70
15423,750,751,49
4165,750,587,141
4788,750,280,58
4428,750,203,46
6387,750,487,76
3853,750,153,40
13317,750,524,39
4298,755,382,89
6846,755,443,65
14569,755,855,59
4080,755,283,69
3094,760,544,176
3386,760,345,102
7440,760,453,61
13660,760,645,47
5138,760,307,60
4354,760,185,42
3513,760,191,54
3244,765,262,81
6942,765,201,29
8233,765,777,94
11453,765,665,58
4241,765,246,58
4730,770,441,93
5174,770,190,37
5303,770,294,55
4960,770,357,72
6743,770,458,68
3052,775,305,100
6273,775,593,95
6478,775,515,80
5320,775,331,62
5153,775,338,66
3053,775,294,96
4000,775,275,69
3323,775,201,61
5100,775,364,71
3123,775,420,135
8346,775,735,88
19906,775,2627,132
6875,775,496,72
3003,775,292,97
9079,775,366,40
13970,775,927,66
5138,775,197,38
9478,775,597,63
4284,775,319,75
4166,775,297,71
5922,775,263,44
8640,775,399,46
4242,780,355,84
6273,780,229,36
3681,780,206,56
4502,780,236,52
12189,785,1175,96
3804,785,275,72
3884,785,368,95
3370,785,100,30
3184,785,112,35
4052,785,207,51
3260,785,95,29
6337,790,499,79
6005,790,522,87
3515,795,280,80
7560,795,656,87
3231,795,146,45
3651,795,168,46
3378,800,403,119
3066,800,270,88
4591,800,868,189
5086,800,493,97
3053,800,206,67
5850,800,594,102
5971,800,400,67
7625,800,650,85
6888,800,543,79
4100,800,286,70
3869,800,337,87
3758,800,281,75
8350,800,703,84
6301,800,498,79
6723,800,764,114
9123,800,751,82
4777,800,399,84
5332,800,415,78
4820,800,338,70
3594,800,237,66
3624,800,252,70
4980,800,212,42
3011,800,142,47
4748,800,220,46
5290,800,228,43
6039,800,451,75
6869,800,220,32
13130,800,367,28
14249,800,947,66
7308,800,340,47
12331,800,311,25
13619,800,1044,77
13713,800,900,66
12636,800,768,61
3204,800,277,86
4184,800,355,85
3798,800,232,61
8160,800,381,47
18267,805,1209,66
19127,805,486,25
3218,810,670,208
6712,810,573,85
4874,810,295,61
4444,810,548,123
3647,810,331,91
6387,810,338,53
3494,810,293,84
4638,810,316,68
6481,810,521,80
4894,810,354,72
4428,810,246,56
6926,815,710,103
4349,815,370,85
10960,815,659,60
3029,815,285,94
3424,815,205,60
6962,815,354,51
5664,815,204,36
3226,815,308,96
5118,820,469,92
3333,820,143,43
8593,820,473,55
4484,820,320,71
4616,825,612,132
9411,825,930,99
3030,825,171,57
4742,825,461,97
3762,825,312,83
3777,825,326,86
3747,825,198,53
8670,825,671,77
3053,825,199,65
3440,825,300,87
3275,825,198,61
3113,825,270,87
8240,825,702,85
5252,825,467,89
8402,825,610,73
4769,825,411,86
7645,825,598,78
4805,825,415,86
6074,825,419,69
4173,825,186,45
9373,825,489,52
6239,825,582,93
17160,825,1182,69
4643,825,236,51
5689,825,242,42
3488,825,212,61
6599,825,284,43
4218,830,426,101
5767,830,517,90
3633,830,294,81
8127,830,495,61
8642,830,624,72
5652,835,568,101
5115,835,501,98
4528,835,440,97
4420,835,333,75
3296,835,292,89
13001,835,783,60
3517,835,132,38
3116,835,219,70
3898,840,499,128
5168,840,566,110
3017,840,310,103
4129,840,265,64
5230,840,271,52
4262,840,319,75
4640,840,267,58
3653,840,226,62
3981,840,139,35
3928,840,171,44
4206,840,179,42
5702,840,612,107
4511,840,385,85
11035,840,726,66
7827,840,508,65
3025,840,109,36
10094,845,1222,121
4279,845,511,119
5036,845,345,69
5609,845,442,79
3839,845,351,91
6610,845,635,96
4226,845,712,169
8857,845,445,50
9614,845,285,30
11941,845,778,65
6236,850,832,133
4252,850,305,72
3554,850,308,87
9912,850,913,92
8343,850,750,90
3919,850,343,88
3740,850,414,111
5834,850,459,79
9268,850,703,76
3708,850,336,91
8172,850,527,64
3482,850,321,92
3232,850,460,142
3075,850,241,78
10456,850,659,63
6104,850,240,39
3675,850,276,75
6698,850,417,62
10308,850,441,43
16963,850,817,48
3822,850,164,43
16567,850,1285,78
11840,850,972,82
3616,850,190,52
5623,850,241,43
12513,850,845,68
9383,850,540,58
18997,850,1287,68
11888,850,750,63
3075,855,291,95
5623,855,494,88
4510,855,491,109
7530,855,339,45
3842,855,202,53
10844,855,451,42
5143,855,661,128
5556,855,351,63
3434,855,151,44
4122,860,135,33
7268,860,513,71
3218,865,244,76
3338,865,319,96
3762,865,286,76
13655,865,999,73
12802,865,978,76
3574,870,432,121
3018,870,193,64
5177,870,268,52
3063,870,127,42
10577,870,499,47
7388,875,828,112
5374,875,519,97
3319,875,338,102
3000,875,339,113
3318,875,280,84
4946,875,387,78
5679,875,609,107
4722,875,449,95
3760,875,257,68
5549,875,593,107
12548,875,1030,82
15660,875,1389,89
4191,875,365,87
5863,875,488,83
3261,875,258,79
6997,875,500,72
14978,875,1298,87
4572,875,611,134
8133,875,653,80
4299,875,453,105
7338,875,320,44
5112,875,204,40
11368,875,574,51
3075,875,251,82
8548,875,410,48
5224,875,184,35
4805,875,203,42
11448,875,616,54
6307,875,343,54
7476,875,739,99
7962,875,234,29
8097,875,244,30
4156,880,299,72
4808,880,581,121
7528,880,329,44
7912,880,669,85
4657,880,447,96
7579,880,746,98
4291,880,162,38
12920,880,958,74
10896,880,624,57
4176,880,339,81
3560,885,841,236
3878,885,317,82
3118,885,209,67
6238,885,633,101
3973,885,303,76
6052,885,512,85
3302,885,154,47
5274,885,387,73
3055,885,232,76
3704,885,192,52
7216,885,333,46
4308,890,397,92
5308,890,524,99
3480,890,378,109
3222,890,412,128
16358,890,1547,95
6097,890,486,80
3781,890,264,70
4417,895,322,73
7147,895,531,74
9208,895,545,59
3386,900,234,69
10873,900,1006,93
3108,900,290,93
5118,900,443,86
7205,900,573,80
5410,900,360,67
4737,900,407,86
6254,900,466,74
5860,900,690,118
4016,900,315,79
6146,900,574,93
5529,900,593,107
5662,900,647,114
14306,900,1388,97
3014,900,112,37
5067,900,257,51
3913,900,203,52
14695,900,950,65
6027,900,572,95
6791,900,351,52
11929,900,648,54
7596,900,700,92
11230,900,1030,92
4205,900,197,47
4371,905,434,99
3152,905,189,60
4291,905,375,87
3641,905,263,72
3482,905,250,72
3048,905,277,91
6449,905,1065,165
3630,910,155,43
4010,915,327,81
3744,915,213,57
4835,915,268,56
3330,915,158,47
4597,920,460,100
4553,920,464,102
4701,920,363,77
7096,920,485,68
7190,920,676,94
3907,920,235,60
3141,920,119,38
4004,920,283,71
3643,920,288,79
3255,920,139,43
4987,920,339,68
11602,920,703,61
12318,920,666,54
6536,920,270,41
12258,920,390,32
14827,920,895,60
4415,920,346,78
4064,925,462,114
9444,925,954,101
4345,925,389,90
4179,925,503,120
6098,925,691,113
11812,925,1268,107
16031,925,1376,86
16751,925,1727,103
8423,925,805,96
10202,925,1077,106
4796,925,377,79
3453,925,287,83
3694,925,248,67
4554,925,392,86
6064,925,579,95
11739,925,1147,98
13337,925,1081,81
6002,925,553,92
5363,925,585,109
8986,925,455,51
3980,925,208,52
4247,925,377,89
6447,925,463,72
3483,925,264,76
4094,925,265,65
3504,925,233,66
7951,925,520,65
4298,925,272,63
9088,925,486,54
9804,925,428,44
10441,925,501,48
4703,925,223,47
17645,925,991,56
9543,925,443,46
9010,925,356,40
7768,925,351,45
5714,925,351,61
12928,925,1596,123
12839,925,1234,96
11463,925,742,65
12899,925,1079,84
5213,925,422,81
12054,925,868,72
5487,930,348,63
3677,930,225,61
4218,930,287,68
3835,930,342,89
3752,930,269,72
4701,930,261,56
4511,930,276,61
5543,930,447,81
3533,930,246,70
6511,930,478,73
5830,930,397,68
4928,930,427,87
7647,930,484,63
9296,930,425,46
3227,935,328,102
4069,935,446,110
5156,935,417,81
6516,935,528,81
3155,935,137,43
17610,935,733,42
5494,935,285,52
4800,940,379,79
6336,940,540,85
6262,940,426,68
10325,940,423,41
4485,940,954,213
12438,945,528,42
8374,945,644,77
4278,945,296,69
17109,945,1437,84
5033,950,541,107
7239,950,859,119
3075,950,201,65
4095,950,382,93
3556,950,340,96
3379,950,407,120
3874,950,365,94
4443,950,362,81
4549,950,335,74
16498,950,1831,111
4138,950,352,85
10544,950,707,67
5112,950,509,99
7280,950,734,101
3704,950,259,70
3878,950,248,64
11555,950,1067,92
11826,950,1015,86
6767,950,605,89
5500,950,492,89
5292,950,347,66
8385,950,517,62
4202,950,574,137
18038,950,1390,77
4372,950,182,42
9882,950,496,50
13020,950,1218,94
3689,950,286,77
10065,950,512,51
12192,950,667,55
3051,950,169,55
6732,950,221,33
4609,950,192,42
4469,950,208,46
8170,950,446,55
4762,950,244,51
4023,950,188,47
4782,955,473,99
5816,955,550,95
9444,955,731,77
3392,955,186,55
8134,955,500,61
8709,955,281,32
3427,955,249,73
4199,955,195,46
11231,955,890,79
4437,960,658,148
3982,960,607,153
7611,960,522,69
5386,960,459,85
4029,960,332,83
6023,960,663,110
3968,960,427,108
4417,960,291,66
6016,960,243,40
3660,960,220,60
8187,960,1079,132
16579,960,1217,73
11643,960,912,78
8148,960,552,68
4847,965,421,87
10660,965,1197,112
3038,965,396,130
3458,965,281,81
10388,965,542,52
12017,965,405,34
5026,965,383,76
8500,965,1123,132
3674,965,462,126
6991,970,510,73
5242,970,541,103
4382,970,487,111
3043,970,124,41
10505,970,946,90
5174,975,453,87
4786,975,463,97
3246,975,335,103
4343,975,473,109
4767,975,371,78
4815,975,500,104
5747,975,432,75
5857,975,412,70
3782,975,391,104
3997,975,338,84
9135,975,722,79
5233,975,400,76
3677,975,260,71
5514,975,416,75
6906,975,713,103
3880,975,389,100
10679,975,898,84
6020,975,651,108
12128,975,848,70
8538,975,934,109
11508,975,1201,104
14970,975,1905,127
13136,975,641,49
18880,975,2016,107
5513,975,228,41
4237,975,210,50
4869,975,353,73
3492,980,350,100
6211,980,563,91
8045,980,1059,132
7330,980,739,101
14602,980,1323,91
8796,980,565,64
6785,985,438,65
6010,985,563,94
8835,985,973,110
3763,985,316,84
4682,985,348,74
9815,985,866,88
3759,985,407,108
5484,990,530,97
5098,990,364,71
4247,990,357,84
3201,990,191,60
15842,990,950,60
4548,990,189,42
6623,990,269,41
7367,990,415,56
7218,990,461,64
4997,990,601,120
19731,990,1228,62
17986,990,1318,73
7494,995,831,111
4196,995,221,53
4117,995,359,87
9697,995,879,91
5390,995,506,94
3078,995,287,93
5349,995,276,52
17256,995,406,24
7830,1000,822,105
5999,1000,945,158
5625,1000,612,109
5817,1000,922,159
7430,1000,720,97
18090,1000,2083,115
4785,1000,447,93
6600,1000,695,105
5671,1000,596,105
7281,1000,712,98
5952,1000,477,80
7257,1000,815,112
3144,1000,276,88
7046,1000,564,80
5174,1000,393,76
4928,1000,550,112
4308,1000,337,78
3176,1000,303,95
5229,1000,440,84
3842,1000,443,115
4931,1000,537,109
9270,1000,925,100
14711,1000,1757,119
4288,1000,459,107
5340,1000,607,114
3067,1000,272,89
4802,1000,458,95
4814,1000,453,94
14985,1000,1416,95
5106,1000,432,85
5712,1000,431,75
6352,1000,570,90
9491,1000,788,83
4436,1000,571,129
4797,1000,289,60
9055,1000,942,104
7090,1000,513,72
5108,1000,352,69
4757,1000,363,76
3197,1000,222,69
3036,1000,261,86
7121,1000,290,41
3627,1000,101,28
10048,1000,442,44
14643,1000,581,40
14651,1000,1023,70
4515,1000,224,50
4155,1000,337,81
6771,1000,474,70
10716,1000,448,42
13028,1000,841,65
8089,1000,511,63
18058,1000,1311,73
14915,1000,1492,100
8229,1000,711,86
8789,1000,767,87
9935,1000,458,46
4632,1005,327,71
3346,1005,234,70
3733,1005,283,76
3754,1005,315,84
8770,1005,942,107
9006,1005,834,93
6043,1005,474,78
5067,1005,544,107
3851,1005,669,174
3798,1005,389,102
6490,1010,646,100
10220,1010,1287,126
4666,1010,414,89
8814,1010,584,66
3560,1010,179,50
14910,1010,908,61
4007,1010,256,64
5336,1010,212,40
9996,1010,1771,177
17868,1010,1019,57
12706,1010,1297,102
3755,1015,309,82
5388,1015,410,76
4064,1015,301,74
3932,1015,252,64
4181,1015,252,60
3344,1015,422,126
7014,1015,460,66
6398,1015,387,60
6878,1015,386,56
4025,1020,425,106
3774,1020,332,88
6799,1020,359,53
8260,1020,383,46
6769,1020,260,38
17142,1020,1104,64
3093,1020,277,90
3155,1025,292,93
3807,1025,353,93
3574,1025,539,151
3618,1025,536,148
5167,1025,543,105
8138,1025,888,109
4528,1025,606,134
6745,1025,636,94
4439,1025,525,118
3720,1025,319,86
4946,1025,437,88
7509,1025,534,71
3324,1025,298,90
5927,1025,579,98
4898,1025,322,66
7930,1025,740,93
6634,1025,606,91
6810,1025,462,68
7970,1025,620,78
3522,1025,412,117
15097,1025,1608,107
4739,1025,419,88
6931,1025,831,120
9183,1025,520,57
4945,1025,417,84
11006,1025,722,66
16562,1025,636,38
12075,1025,1849,153
9247,1025,630,68
4748,1025,449,95
5057,1025,328,65
19043,1030,2388,125
5605,1030,482,86
9444,1030,572,61
5102,1030,259,51
5638,1035,629,112
5273,1035,544,103
4319,1035,428,99
4021,1035,420,104
11551,1035,768,66
7605,1035,1943,255
3217,1040,510,158
5940,1040,497,84
7729,1040,722,93
8718,1040,588,67
5481,1040,460,84
3660,1045,416,114
4893,1045,571,117
9622,1045,936,97
9821,1045,954,97
6987,1045,734,105
7512,1045,822,109
3310,1045,247,75
4472,1045,222,50
15419,1045,1013,66
13889,1045,1055,76
9496,1045,462,49
6529,1045,751,115
9826,1050,1175,120
5819,1050,550,94
4435,1050,410,93
3212,1050,314,98
3125,1050,435,139
3167,1050,348,110
10278,1050,1076,105
8032,1050,1005,125
4926,1050,480,97
5974,1050,463,77
3621,1050,342,95
4820,1050,582,121
4191,1050,598,143
5262,1050,454,86
3344,1050,369,110
5040,1050,428,85
3039,1050,341,112
5119,1050,485,95
8118,1050,810,100
4575,1050,448,98
4600,1050,554,120
3038,1050,348,115
7699,1050,873,113
4328,1050,376,87
5390,1050,441,82
10011,1050,883,88
7138,1050,665,93
3766,1050,368,98
10020,1050,935,93
4672,1050,453,97
7005,1050,668,95
10693,1050,1088,102
4049,1050,425,105
7571,1050,750,99
5593,1050,680,122
6667,1050,396,59
5244,1050,422,80
9679,1050,679,70
3627,1050,261,72
5145,1050,368,72
9592,1050,726,76
8061,1050,774,96
3918,1050,352,90
15661,1050,1489,95
7838,1050,628,80
10912,1050,1299,119
13227,1050,920,70
3659,1050,122,33
5359,1055,450,84
7156,1055,866,121
4538,1055,478,105
5753,1055,484,84
3060,1060,184,60
10002,1060,683,68
3396,1060,273,80
3495,1065,383,110
8375,1065,587,70
12977,1065,1130,87
3443,1065,306,89
5577,1065,555,99
4535,1065,474,104
3097,1065,331,107
3804,1070,292,77
5245,1070,678,129
6150,1070,388,63
6300,1070,1989,316
3548,1075,456,129
8756,1075,738,84
14728,1075,1760,120
7582,1075,810,107
5039,1075,427,85
4623,1075,361,78
3070,1075,306,100
3085,1075,202,65
4559,1075,445,98
4872,1075,306,63
8094,1075,924,114
11366,1075,997,88
4278,1075,419,98
16037,1075,1435,90
4110,1075,371,90
6175,1075,753,122
4646,1075,382,82
3928,1075,531,135
4625,1075,417,90
4978,1075,443,89
4957,1075,401,81
6902,1075,440,64
6177,1075,584,95
4859,1075,373,77
6645,1075,722,109
4216,1075,375,89
3114,1075,223,72
11867,1075,961,81
7478,1075,610,82
9092,1075,982,108
7914,1075,801,101
8958,1075,901,101
5054,1075,618,122
10590,1075,1063,100
3658,1075,181,49
3979,1075,272,68
5249,1075,664,127
3778,1075,281,74
5611,1075,497,89
5140,1075,314,61
10120,1075,1153,114
12031,1075,467,39
3370,1075,202,60
6663,1075,481,72
16925,1075,2039,120
8298,1075,1003,121
3360,1075,311,93
4384,1075,410,94
8671,1075,770,89
9496,1075,694,73
13363,1080,527,39
3198,1080,334,104
14355,1080,936,65
5614,1080,697,124
12280,1085,1394,113
3597,1085,415,115
9641,1085,811,84
7562,1085,674,89
3613,1085,280,77
3215,1085,395,123
11076,1085,4223,381
3914,1085,511,131
10181,1090,1056,104
5195,1090,462,89
3013,1090,351,117
5175,1090,621,120
6708,1090,407,61
6462,1090,402,62
10179,1095,951,93
4682,1095,461,98
3295,1100,281,85
3287,1100,242,74
4193,1100,366,87
5475,1100,589,108
18116,1100,2904,160
12433,1100,1218,98
6685,1100,626,94
10751,1100,1264,118
7939,1100,1172,148
3949,1100,394,100
10719,1100,1098,102
8652,1100,834,96
3528,1100,369,105
5031,1100,918,182
8120,1100,1003,123
3332,1100,465,140
4811,1100,534,111
3364,1100,414,123
6157,1100,593,96
10733,1100,1234,115
4518,1100,425,94
8027,1100,676,84
3398,1100,457,135
5064,1100,519,103
6401,1100,640,100
8257,1100,682,83
4379,1100,581,133
3114,1100,542,174
5165,1100,425,82
11680,1100,917,78
9380,1100,687,73
6567,1100,514,78
12298,1100,1313,107
16554,1100,1052,64
12889,1100,954,74
13104,1100,1313,100
12762,1100,1574,123
9540,1100,838,88
6214,1100,568,91
5650,1100,347,61
5096,1100,365,72
7303,1100,624,85
11985,1100,887,74
10781,1100,777,72
6404,1100,605,94
13792,1100,719,52
12114,1100,794,66
11108,1100,1087,98
12789,1100,1229,96
7353,1100,780,106
3543,1100,328,93
11950,1100,845,71
12877,1100,811,63
10756,1100,961,89
6482,1105,637,98
5385,1110,411,76
13295,1110,732,55
3405,1115,246,72
4460,1115,469,105
5879,1115,432,73
4182,1115,195,47
6728,1115,619,92
12311,1115,651,53
4092,1115,259,63
7084,1115,628,89
3208,1120,415,129
3755,1125,361,96
4095,1125,566,138
4750,1125,637,134
3686,1125,364,99
15199,1125,1777,117
5641,1125,542,96
6902,1125,662,96
3765,1125,464,123
4078,1125,380,93
3493,1125,328,94
5494,1125,486,89
3050,1125,241,79
3823,1125,370,97
3354,1125,342,102
6233,1125,426,68
9915,1125,1012,102
4250,1125,402,95
4726,1125,668,141
3617,1125,314,87
10413,1125,1105,106
5297,1125,657,124
3512,1125,370,105
4020,1125,546,136
5090,1125,633,124
9336,1125,970,104
4489,1125,542,121
4932,1125,585,119
3838,1125,334,87
3317,1125,267,80
6436,1125,708,110
5802,1125,559,96
4411,1125,516,117
3058,1125,224,73
4106,1125,383,93
4969,1125,454,91
11740,1125,884,75
12962,1125,971,75
9353,1125,1171,125
5288,1125,552,104
10661,1125,1059,99
13115,1125,1484,113
10309,1125,960,93
8194,1125,962,117
4611,1125,359,78
13460,1125,964,72
15193,1125,1607,106
8239,1125,542,66
6888,1125,476,69
8242,1125,706,86
6771,1125,487,72
8524,1125,528,62
5830,1125,415,71
6244,1125,569,91
14258,1125,1470,103
7648,1125,2232,292
13116,1125,914,70
6456,1125,132,20
8705,1125,600,69
6421,1125,609,95
12284,1125,1026,84
5439,1125,923,170
17281,1125,1026,59
5306,1125,322,61
7896,1130,950,120
9910,1130,861,87
4263,1130,496,116
8068,1130,534,66
8084,1130,507,63
3818,1140,441,116
15551,1140,1702,109
6737,1140,629,93
3168,1145,301,95
9754,1145,1095,112
6417,1150,604,94
4621,1150,516,112
3075,1150,347,113
14077,1150,1984,141
6697,1150,882,132
6521,1150,754,116
8513,1150,928,109
8190,1150,1042,127
6158,1150,594,96
3276,1150,299,91
12494,1150,1071,86
12890,1150,1031,80
4633,1150,535,116
9431,1150,889,94
5578,1150,590,106
7803,1150,877,112
5161,1150,498,96
6815,1150,417,61
6762,1150,663,98
3932,1150,404,103
3677,1150,380,103
4402,1150,536,122
5333,1150,764,143
3600,1150,272,76
4495,1150,364,81
15802,1150,1560,99
3991,1150,349,87
3376,1150,260,77
3105,1150,260,84
3012,1150,163,54
4185,1150,336,80
9548,1150,734,77
10661,1150,894,84
12761,1150,1110,87
3814,1150,253,66
6146,1150,538,87
15773,1150,1816,115
5652,1150,449,79
11655,1150,1430,123
4878,1150,458,94
11457,1150,1028,90
3417,1150,547,160
11179,1150,854,76
6274,1150,476,76
3303,1150,274,83
3142,1150,157,50
3214,1150,124,39
6407,1150,237,37
8417,1150,1204,143
12882,1150,1234,96
4789,1150,424,88
19849,1150,665,34
12628,1150,784,62
7606,1150,274,36
6783,1150,344,51
11964,1150,1222,102
7525,1150,551,73
3115,1155,193,62
4778,1155,467,98
4017,1155,252,63
17203,1155,852,50
16223,1155,721,44
11333,1155,903,80
3048,1160,157,51
8701,1165,1198,138
3034,1165,314,104
18087,1165,2191,121
11065,1165,1020,92
11528,1165,1118,97
3608,1165,449,125
6755,1170,613,91
4684,1170,360,77
16021,1170,2227,139
10854,1170,558,51
10331,1170,830,80
18444,1170,1538,83
8903,1170,1043,117
5949,1170,812,137
4576,1170,298,65
8878,1170,1462,165
14287,1170,1897,133
5900,1175,526,89
14204,1175,1510,106
3441,1175,387,112
3643,1175,421,116
5333,1175,491,92
3269,1175,376,115
3328,1175,281,84
6271,1175,542,87
3385,1175,239,71
7451,1175,540,72
4303,1175,470,109
4242,1175,343,81
4713,1175,434,92
6372,1175,775,122
3852,1175,417,108
10398,1175,839,81
6067,1175,576,95
4110,1175,606,147
3312,1175,266,80
4459,1175,389,87
4370,1175,402,92
4758,1175,424,89
3534,1175,283,80
6346,1175,616,97
6873,1175,766,111
10161,1175,1098,108
11277,1175,1230,109
9225,1175,804,87
16794,1175,2113,126
13782,1175,1199,87
7857,1175,723,92
10875,1175,1139,105
7686,1175,857,111
9454,1175,914,97
8578,1175,839,98
5323,1175,499,94
3883,1175,489,126
9491,1175,717,76
17364,1175,1602,92
5443,1175,521,96
5575,1175,465,83
16644,1175,1660,100
8051,1175,621,77
13666,1175,691,51
7107,1175,538,76
8983,1175,807,90
7733,1175,266,34
3648,1175,336,92
5377,1175,269,50
14078,1175,1273,90
6882,1175,508,74
8398,1175,715,85
6543,1185,1332,204
18935,1185,1457,77
12372,1190,1076,87
8546,1190,1151,135
6430,1190,679,106
11884,1195,536,45
13978,1195,968,69
3553,1200,257,72
3615,1200,435,120
9136,1200,1024,112
3864,1200,468,121
3161,1200,252,80
4150,1200,633,153
14129,1200,1763,125
12551,1200,1737,138
9274,1200,1173,127
6837,1200,822,120
5632,1200,604,107
6089,1200,512,84
8231,1200,746,91
4235,1200,418,99
4401,1200,511,116
14243,1200,1294,91
12519,1200,1431,114
6914,1200,681,98
6846,1200,752,110
3713,1200,260,70
5026,1200,622,124
3347,1200,344,103
6574,1200,830,126
6091,1200,647,106
7449,1200,954,128
5664,1200,703,124
8314,1200,921,111
8668,1200,843,97
4429,1200,430,97
7128,1200,687,96
5792,1200,422,73
4766,1200,370,78
4900,1200,382,78
17886,1200,1617,90
5802,1200,672,116
4326,1200,348,80
3149,1200,412,131
3092,1200,368,119
7107,1200,596,84
4156,1200,389,94
8587,1200,670,78
7735,1200,1120,145
15933,1200,560,35
3350,1200,729,218
15275,1200,1452,95
15788,1200,845,54
11204,1200,1472,131
3525,1200,297,84
13329,1200,918,69
9444,1200,427,45
3855,1200,205,53
7821,1210,907,116
3146,1210,333,106
3500,1210,377,108
3513,1210,336,96
14572,1215,1188,82
10531,1225,854,81
4472,1225,328,73
7671,1225,714,93
3637,1225,350,96
3743,1225,546,146
4824,1225,593,123
5111,1225,613,120
3230,1225,342,106
6758,1225,671,99
12499,1225,1217,97
8922,1225,830,93
5211,1225,553,106
4802,1225,483,101
10749,1225,745,69
8728,1225,786,90
4568,1225,499,109
3637,1225,260,71
8908,1225,856,96
4993,1225,425,85
4015,1225,391,97
3808,1225,306,80
3031,1225,193,64
6076,1225,403,66
9884,1225,954,97
4721,1225,324,69
3386,1225,276,82
6574,1225,745,113
9415,1225,826,88
7353,1225,606,82
8075,1225,670,83
5767,1225,486,84
4393,1225,349,79
3642,1225,276,76
3379,1225,275,81
4018,1225,305,76
3306,1225,372,113
3674,1225,386,105
9462,1225,1006,106
11983,1225,1024,85
3004,1225,285,95
4601,1225,472,103
8414,1225,662,79
3624,1225,287,79
5218,1225,643,123
4103,1225,366,89
6500,1225,541,83
10455,1225,753,72
16343,1225,1939,119
8336,1225,779,94
7909,1225,768,97
7666,1235,389,51
9897,1235,666,67
12397,1235,375,30
7832,1235,506,65
5868,1235,189,32
6304,1250,660,105
5610,1250,683,122
5056,1250,704,139
12477,1250,1364,109
5514,1250,427,77
3072,1250,180,59
4510,1250,382,85
6133,1250,641,105
10969,1250,1352,123
6384,1250,689,108
5985,1250,651,109
5796,1250,631,109
7286,1250,875,120
7171,1250,549,77
3567,1250,555,156
3644,1250,332,91
12198,1250,1106,91
18518,1250,1603,87
3114,1250,321,103
5470,1250,391,72
15300,1250,1685,110
14974,1250,1372,92
10063,1250,801,80
8458,1250,769,91
4153,1250,385,93
15399,1250,1755,114
15492,1250,1785,115
3711,1250,188,51
3160,1250,223,70
13160,1250,1559,118
14680,1250,1377,94
11488,1250,1093,95
4147,1250,398,96
6229,1250,578,93
3449,1250,292,85
8898,1250,791,89
13307,1250,1483,111
9150,1250,974,106
10144,1250,1071,106
15425,1250,1572,102
13872,1250,949,68
11506,1250,887,77
12107,1250,1234,102
15726,1250,1600,102
14608,1250,1076,74
13307,1250,1295,97
6066,1250,649,107
4638,1250,432,93
7966,1250,602,76
4702,1250,293,62
4042,1250,337,83
5089,1250,398,78
13384,1250,1211,90
11092,1250,981,88
13200,1250,915,69
8488,1250,781,92
10105,1250,1056,104
10064,1250,512,51
16219,1250,2622,162
12163,1250,417,34
5798,1250,521,90
7627,1250,472,62
3543,1250,267,75
9338,1250,747,80
6935,1250,327,47
4646,1250,243,52
9361,1275,1200,128
3443,1275,305,89
5631,1275,740,131
5114,1275,545,107
6569,1275,722,110
6209,1275,556,89
5037,1275,682,135
3078,1275,386,125
8259,1275,945,114
6504,1275,728,112
7977,1275,966,121
12487,1275,1570,126
4492,1275,524,117
11553,1275,1156,100
13725,1275,1311,96
19781,1275,1978,100
3846,1275,385,100
6262,1275,741,118
12053,1275,1349,112
6132,1275,479,78
7634,1275,408,53
6709,1275,620,92
8638,1275,647,75
10725,1275,874,82
5652,1275,330,58
7659,1275,540,70
11362,1275,1342,118
9480,1275,596,63
14556,1275,1740,120
3240,1275,260,80
10719,1275,912,85
15577,1275,1602,103
5854,1275,648,111
8314,1275,718,86
7887,1275,268,34
8021,1275,812,101
10733,1275,1275,119
6449,1275,609,94
15698,1275,874,56
6940,1275,336,48
6073,1275,196,32
9496,1275,371,39
11794,1275,1021,87
4719,1275,639,135
4959,1275,525,106
9337,1275,802,86
6331,1300,668,105
11827,1300,1414,120
8521,1300,840,99
10127,1300,1034,102
6875,1300,671,98
5148,1300,515,100
9447,1300,1234,131
3622,1300,272,75
7615,1300,783,103
8361,1300,580,69
5396,1300,585,108
6360,1300,575,90
5795,1300,670,116
8677,1300,1035,119
5536,1300,433,78
6210,1300,853,137
10242,1300,1575,154
6629,1300,726,110
7392,1300,694,94
12278,1300,1142,93
8327,1300,986,118
5834,1300,646,111
9585,1300,950,99
8137,1300,938,115
6938,1300,578,83
15857,1300,2025,128
3399,1300,272,80
6319,1300,509,80
8183,1300,627,77
3571,1300,337,94
12891,1300,967,75
6783,1300,475,70
9127,1300,974,107
12720,1300,959,75
5055,1300,276,55
6847,1300,736,108
4614,1300,405,88
12865,1300,1083,84
3309,1300,386,117
4591,1300,370,81
7189,1300,655,91
6812,1300,566,83
3303,1300,214,65
3147,1300,281,89
6312,1300,433,69
19223,1300,1837,96
9120,1300,629,69
5609,1300,517,92
8022,1300,718,89
8553,1300,1153,135
15227,1300,1202,79
4476,1300,595,133
3316,1300,404,122
8761,1300,820,94
9096,1300,630,69
7006,1300,610,87
4627,1300,463,100
4117,1300,213,52
18262,1300,1315,72
5084,1300,1178,232
19851,1300,1379,69
8489,1325,934,110
9695,1325,1038,107
12293,1325,1365,111
8393,1325,895,107
5758,1325,758,132
5507,1325,485,88
5001,1325,517,103
10640,1325,758,71
3152,1325,258,82
13507,1325,1069,79
6504,1325,590,91
11708,1325,792,68
13714,1325,1161,85
8160,1325,676,83
4161,1325,1824,438
14150,1325,1000,71
14649,1325,955,65
5530,1325,435,79
5337,1325,304,57
12237,1325,1364,111
17449,1325,1660,95
4582,1325,430,94
7105,1325,535,75
12002,1325,1655,138
8866,1325,1300,147
4610,1325,428,93
8788,1325,744,85
12661,1325,1853,146
7521,1325,816,108
8746,1325,664,76
4468,1325,334,75
8795,1325,680,77
11109,1325,861,78
8192,1325,966,118
15789,1325,1594,101
4554,1325,350,77
4030,1325,218,54
15580,1325,715,46
12976,1325,644,50
11428,1325,1081,95
10951,1325,1012,92
16554,1325,1524,92
13231,1325,874,66
11262,1325,1859,165
10999,1325,905,82
4134,1325,375,91
4219,1350,423,100
4382,1350,446,102
14503,1350,1251,86
5254,1350,483,92
8324,1350,1044,125
4002,1350,392,98
7405,1350,631,85
3294,1350,482,146
3233,1350,234,72
4085,1350,540,132
9555,1350,1118,117
4371,1350,256,58
6186,1350,735,119
16109,1350,1778,110
4704,1350,452,96
8671,1350,1160,134
7147,1350,702,98
8668,1350,730,84
8018,1350,734,91
3192,1350,454,142
5139,1350,634,123
4150,1350,472,114
3808,1350,417,110
4296,1350,450,105
16756,1350,1954,117
5523,1350,502,91
8929,1350,903,101
5868,1350,520,89
3681,1350,555,151
10224,1350,709,69
8422,1350,1141,136
7051,1350,652,92
8906,1350,703,79
7147,1350,614,86
3373,1350,353,105
4257,1350,213,50
7596,1350,874,115
11584,1350,1001,86
16398,1350,1363,83
6237,1350,444,71
6962,1350,523,75
3048,1350,383,126
12711,1350,1695,133
18258,1350,1583,87
12843,1350,1102,86
4449,1350,257,58
7219,1350,590,82
5304,1350,436,82
6377,1350,726,114
15416,1350,1213,79
4231,1350,319,75
6031,1350,490,81
11287,1350,1345,119
11487,1350,921,80
9792,1350,517,53
8333,1375,797,96
10183,1375,990,97
3222,1375,221,68
3752,1375,236,63
16928,1375,1738,103
9327,1375,1249,134
6878,1375,886,129
3710,1375,493,133
8604,1375,973,113
11923,1375,1261,106
7717,1375,628,81
8381,1375,535,64
10268,1375,1082,105
8983,1375,823,92
13005,1375,1219,94
14943,1375,1599,107
8963,1375,802,89
6389,1375,373,58
7289,1375,573,79
18781,1375,1808,96
5618,1375,507,90
8789,1375,737,84
10794,1375,781,72
18543,1375,2034,110
12936,1375,902,70
7403,1375,603,81
14799,1375,1199,81
3524,1375,253,72
15889,1375,819,52
3663,1375,121,33
7815,1375,459,59
8594,1375,569,66
6401,1375,523,82
3221,1375,273,85
4118,1400,389,95
4078,1400,219,54
4623,1400,209,45
3654,1400,408,112
11481,1400,1296,113
9711,1400,875,90
9061,1400,810,89
4277,1400,347,81
17603,1400,1733,98
8000,1400,1028,128
9890,1400,1017,103
7965,1400,403,51
13184,1400,828,63
7156,1400,431,60
8240,1400,617,75
5562,1400,253,45
8026,1400,746,93
4218,1400,398,94
8516,1400,1064,125
3367,1400,281,83
9045,1400,1136,126
15753,1400,1422,90
9535,1400,967,101
6272,1400,570,91
9881,1400,783,79
7398,1400,517,70
7698,1400,624,81
8553,1400,912,107
5030,1400,489,97
8124,1400,1048,129
11607,1400,1171,101
3692,1400,248,67
18344,1400,1638,89
19169,1400,522,27
14906,1400,922,62
10228,1425,1185,116
3813,1425,336,88
5601,1425,584,104
5011,1425,519,104
3442,1425,323,94
4968,1425,305,61
8510,1425,1031,121
4352,1425,572,132
13163,1425,1171,89
3202,1425,373,116
9043,1425,909,100
7485,1425,855,114
11321,1425,1035,91
6047,1425,419,69
10130,1425,837,83
10515,1425,1031,98
6111,1425,582,95
3283,1425,268,82
13981,1425,1508,108
10183,1425,887,87
11158,1425,1033,93
17270,1425,1732,100
4516,1425,558,124
6806,1425,711,104
4366,1425,275,63
4791,1425,446,93
16529,1425,1809,109
18468,1425,1403,76
16543,1425,743,45
6597,1425,910,138
16027,1425,1619,101
11899,1425,1102,93
10271,1425,768,75
12076,1425,1014,84
17457,1425,1605,92
16836,1425,1461,87
6418,1425,1067,166
7685,1450,808,105
5474,1450,493,90
5482,1450,386,70
3331,1450,171,51
8274,1450,971,117
17492,1450,1675,96
13339,1450,1780,133
10993,1450,1257,114
4884,1450,708,145
3556,1450,439,123
3290,1450,376,114
4704,1450,513,109
6301,1450,618,98
14661,1450,1770,121
4742,1450,505,106
13346,1450,1115,84
7504,1450,956,127
3088,1450,332,107
15746,1450,1607,102
11356,1450,1360,120
11326,1450,1068,94
6952,1450,713,103
12802,1450,1279,100
7599,1450,693,91
10476,1450,1092,104
6110,1450,518,85
5983,1450,519,87
4577,1450,523,114
4797,1450,531,111
19689,1450,1633,83
8872,1450,711,80
3271,1450,371,113
3728,1450,358,96
19167,1450,1524,80
5808,1450,743,128
19401,1450,2141,110
14636,1450,2028,139
9424,1450,1096,116
4429,1475,441,100
11780,1475,1321,112
3011,1475,221,74
8808,1475,915,104
9282,1475,1000,108
3415,1475,625,183
5897,1475,661,112
10717,1475,792,74
17585,1475,1606,91
9351,1475,775,83
6587,1475,537,81
4301,1475,330,77
13201,1475,1914,145
9025,1475,903,100
11154,1475,1218,109
10984,1475,1114,101
11806,1475,749,63
15515,1475,1391,90
9093,1475,500,55
12497,1475,511,41
13859,1475,1315,95
17685,1475,1874,106
15449,1500,1871,121
10580,1500,1242,117
17433,1500,2076,119
9837,1500,1261,128
4633,1500,418,90
8016,1500,1027,128
7161,1500,662,92
4366,1500,444,102
13132,1500,1128,86
4915,1500,809,165
9456,1500,954,101
6639,1500,487,73
8221,1500,696,85
4085,1500,502,123
17558,1500,2652,151
18965,1500,1830,96
8867,1500,880,99
15877,1500,1585,100
9265,1500,1035,112
6511,1500,670,103
10384,1500,961,93
13598,1500,1381,102
4369,1500,603,138
8462,1500,1032,122
3499,1500,508,145
7118,1500,727,102
8984,1500,803,89
9290,1500,626,67
18117,1500,1436,79
19555,1500,2171,111
5056,1500,270,53
11635,1500,799,69
8683,1500,921,106
4264,1500,1101,258
7539,1500,830,110
5883,1525,772,131
3865,1525,285,74
4695,1525,470,100
10694,1525,1015,95
8459,1525,809,96
3581,1525,482,135
11165,1525,1201,108
12534,1525,937,75
7656,1525,911,119
12981,1525,1409,109
8097,1525,965,119
9835,1525,940,96
7883,1525,647,82
6307,1525,432,68
11689,1525,333,28
7212,1550,659,91
5535,1550,486,88
10862,1550,1054,97
4402,1550,884,201
3071,1550,517,168
3671,1550,630,172
15623,1550,1680,108
11352,1550,851,75
4010,1550,516,129
4785,1550,859,180
4417,1550,690,156
14941,1550,1828,122
15975,1550,1955,122
17242,1550,1838,107
11093,1550,1012,91
7649,1550,817,107
14858,1550,1463,98
7023,1550,855,122
14661,1550,1305,89
9750,1550,1100,113
17950,1550,1600,89
8566,1550,956,112
12538,1550,1560,124
13052,1550,1021,78
13772,1550,1297,94
10044,1550,880,88
4305,1550,518,120
3861,1550,268,69
19118,1550,1189,62
5843,1550,573,98
6469,1575,766,118
8487,1575,827,97
3672,1575,636,173
6649,1575,681,102
4206,1575,535,127
16651,1575,1573,94
11738,1575,1099,94
10638,1575,1014,95
11205,1575,1011,90
15630,1575,1722,110
6358,1575,739,116
11910,1575,896,75
18282,1575,1214,66
6882,1575,414,60
13434,1575,1838,137
19404,1575,2111,109
5288,1575,854,161
14043,1600,1419,101
7267,1600,798,110
5374,1600,857,160
5879,1600,591,101
6446,1600,758,118
13183,1600,1437,109
6764,1600,887,131
9891,1600,785,79
12200,1600,1518,124
7021,1600,758,108
10764,1600,1172,109
10608,1600,785,74
11742,1600,963,82
16370,1600,1906,116
3716,1600,352,95
14913,1600,720,48
16798,1600,1423,85
5343,1600,816,153
9148,1600,1598,175
11024,1600,1231,112
13834,1625,1924,139
18212,1625,1817,100
16214,1625,2041,126
8208,1625,637,78
17749,1625,2172,122
3809,1625,464,122
4627,1625,543,117
9881,1625,1222,124
16439,1625,1593,97
5255,1625,830,158
3933,1625,902,229
15090,1625,1533,102
16799,1625,1940,115
5711,1625,688,120
4597,1625,507,110
10884,1625,1061,98
6293,1625,633,101
9696,1625,1073,111
13386,1625,1020,76
6268,1625,518,83
14821,1625,920,62
12910,1625,1056,82
16347,1650,2015,123
4410,1650,450,102
9060,1650,1122,124
5844,1650,798,137
7596,1650,706,93
15546,1650,1355,87
4733,1650,559,118
8766,1650,1126,128
6555,1650,1028,157
4126,1650,429,104
6161,1650,801,130
14574,1650,1273,87
9943,1650,937,94
12869,1650,1091,85
3739,1650,478,128
15960,1650,1179,74
5911,1650,736,124
6833,1650,417,61
3020,1650,370,122
5983,1650,771,129
4509,1650,320,71
6729,1675,547,81
12599,1675,1380,109
3930,1675,315,80
7086,1675,862,122
14984,1675,1660,111
8585,1675,740,86
19131,1675,1879,98
19937,1675,1952,98
6451,1675,795,123
11161,1675,882,79
3387,1675,537,158
7370,1675,914,124
15442,1675,1725,112
4470,1675,484,108
9171,1675,942,103
11227,1675,1163,104
10219,1675,1195,117
14730,1675,1907,129
7153,1675,715,100
7225,1675,631,87
18184,1675,1931,106
7760,1675,844,109
8615,1675,613,71
12741,1675,2926,230
5020,1675,538,107
8973,1700,1085,121
12648,1700,1106,87
4058,1700,344,85
3035,1700,390,128
6472,1700,1081,167
11930,1700,1408,118
9462,1700,1494,158
7920,1700,818,103
7311,1700,778,106
3976,1700,407,102
6630,1700,753,114
14663,1700,1564,107
9797,1700,1203,123
5455,1700,768,141
7594,1700,1006,132
7400,1700,1107,150
10784,1700,1404,130
11820,1700,1495,126
7454,1700,709,95
19877,1700,2081,105
18857,1700,1924,102
15319,1700,1633,107
4775,1700,411,86
9318,1700,1015,109
17390,1700,1536,88
5832,1700,912,156
8658,1700,1224,141
13102,1700,1124,86
5711,1700,1245,218
12275,1725,1521,124
7118,1725,1155,162
8543,1725,1188,139
3353,1725,1130,337
11222,1725,1089,97
6573,1725,493,75
19198,1725,1875,98
6326,1725,970,153
5123,1725,647,126
13370,1725,1911,143
6067,1725,991,163
11524,1725,1621,141
14765,1725,1628,110
17464,1750,1934,111
9052,1750,1055,117
6803,1750,572,84
6902,1750,611,88
4842,1750,392,81
18763,1750,2648,141
14152,1750,2095,148
4119,1750,589,143
6731,1750,989,147
13345,1750,1498,112
6565,1750,791,120
7881,1750,894,113
15483,1750,1468,95
14501,1750,1286,89
4697,1750,232,49
4831,1775,621,129
13924,1775,1465,105
15490,1775,1688,109
5834,1775,760,130
10371,1775,596,57
16321,1800,2021,124
13675,1800,2131,156
3484,1800,223,64
14128,1800,1995,141
5405,1800,541,100
11245,1800,1510,134
4009,1800,473,118
11108,1800,1432,129
6682,1800,615,92
11385,1800,1634,144
8419,1800,1254,149
10483,1800,1362,130
13966,1800,1322,95
18042,1800,1761,98
5700,1800,658,115
8854,1800,1081,122
10659,1800,1028,96
6812,1800,592,87
8970,1800,1001,112
18142,1800,1242,68
5715,1800,1079,189
7407,1800,665,90
8809,1800,765,87
4742,1825,784,165
13113,1825,1194,91
12350,1850,1446,117
8779,1850,1140,130
7931,1850,995,125
9708,1850,1015,105
11762,1850,1137,97
15671,1850,1676,107
8901,1850,771,87
13123,1850,1189,91
16022,1850,1683,105
13434,1850,1626,121
6533,1850,778,119
16646,1850,2070,124
7335,1850,856,117
14226,1850,1547,109
13236,1850,1292,98
14338,1850,1462,102
16075,1850,2682,167
17124,1850,965,56
11245,1850,843,75
16501,1875,1986,120
15154,1875,2170,143
4189,1875,360,86
9274,1875,841,91
5700,1875,565,99
17174,1875,2039,119
8767,1875,1131,129
15763,1875,2034,129
13619,1875,1727,127
7139,1875,629,88
10045,1875,761,76
11846,1875,3665,309
9829,1900,1131,115
9117,1900,982,108
14218,1900,1987,140
7453,1900,795,107
6573,1900,764,116
10857,1900,1395,129
7418,1900,1014,137
17788,1900,2081,117
16128,1900,1782,110
5671,1900,626,110
13848,1900,1169,84
14538,1900,1589,109
6191,1900,755,122
8823,1925,819,93
10264,1925,1569,153
7994,1925,1376,172
15505,1925,2035,131
12888,1925,1117,87
8584,1925,783,91
17975,1925,1733,96
8368,1925,407,49
4089,1950,440,107
7877,1950,936,119
19194,1950,2535,132
9218,1950,1213,132
8791,1950,1379,157
8983,1950,1071,119
13424,1950,1707,127
8620,1950,1140,132
12217,1950,1663,136
17426,1950,2175,125
7113,1950,791,111
4919,1950,471,96
17323,1950,1385,80
18834,1975,2416,128
3035,1975,542,179
5340,1975,716,134
7923,1975,871,110
10014,1975,1006,100
4046,2000,405,100
16091,2000,1398,87
18294,2000,2033,111
10441,2000,724,69
13327,2000,1348,101
18964,2000,1745,92
9956,2000,888,89
3300,2000,280,85
5000,2025,744,149
17684,2025,2049,116
4627,2025,998,216
8341,2025,1073,129
10706,2025,929,87
17828,2025,2380,133
15040,2025,1627,108
9320,2025,1168,125
12192,2025,1336,110
17797,2025,1568,88
8721,2025,547,63
19485,2025,1758,90
19561,2025,2947,151
4468,2025,677,151
11406,2050,1355,119
16870,2050,1716,102
14477,2050,1394,96
9906,2050,1021,103
4096,2050,595,145
3507,2050,408,116
8652,2050,749,87
5333,2050,1967,369
14068,2075,1996,142
14753,2075,1434,97
11929,2075,423,35
18635,2100,2130,114
15664,2100,2355,150
5208,2100,561,108
12313,2125,1511,123
19674,2125,1840,94
3814,2125,678,178
13481,2125,1406,104
4451,2150,577,130
3770,2150,338,90
9944,2150,1145,115
9253,2150,1268,137
16753,2150,2254,135
4479,2150,377,84
3464,2150,482,139
12006,2150,1708,142
19495,2150,2251,115
9993,2150,1017,102
15388,2150,2187,142
7106,2150,990,139
3293,2175,1219,370
4402,2175,369,84
5724,2175,533,93
12227,2175,1219,100
7235,2200,859,119
4862,2200,412,85
13384,2200,1652,123
9693,2200,1104,114
9163,2200,1295,141
8795,2200,1755,200
17680,2200,1949,110
3240,2225,418,129
13941,2225,1787,128
16643,2225,1373,83
3172,2225,765,241
19666,2225,2176,111
7799,2250,808,104
18503,2250,2310,125
9451,2250,764,81
19100,2250,1529,80
3757,2250,1652,440
3705,2250,1488,402
4755,2275,419,88
7356,2275,757,103
14798,2275,1678,113
12441,2275,811,65
18531,2275,4067,219
9975,2275,281,28
3044,2300,1993,655
3131,2300,313,100
10911,2300,2578,236
12578,2300,1918,152
17586,2300,1945,111
3887,2300,549,141
6145,2300,723,118
5171,2300,1100,213
11477,2325,1378,120
13922,2325,1983,142
18041,2325,2048,114
6361,2350,1332,209
4817,2375,405,84
19117,2400,2363,124
4992,2400,46,9
15895,2425,2208,139
19877,2450,1908,96
3110,2450,704,226
13958,2450,1722,123
19551,2500,2714,139
11864,2500,1207,102
12324,2500,2361,192
5006,2500,1367,273
9140,2525,1450,159
17972,2525,2845,158
8785,2525,1716,195
12508,2525,1123,90
7487,2550,649,87
8924,2575,1119,125
18500,2600,2368,128
5540,2600,860,155
10687,2600,1401,131
6402,2625,778,122
18869,2625,2167,115
6221,2625,2164,348
4820,2650,1022,212
19598,2675,2318,118
4142,2700,846,204
11431,2700,4845,424
3878,2700,733,189
3659,2700,886,242
8040,2725,1659,206
6498,2725,1610,248
7715,2725,315,41
3390,2750,563,166
12315,2775,1828,148
16827,2775,1704,101
5577,2800,515,92
8105,2800,965,119
3594,2825,596,166
13913,2850,2053,148
10473,2850,1041,99
6849,2875,1462,213
4318,2925,713,165
4134,2950,739,179
10100,2950,1350,134
16569,2975,2000,121
17456,2975,715,41
6727,3000,820,122
13727,3000,1322,96
5402,3000,674,125
3465,3025,645,186
10160,3075,565,56
10122,3100,1063,105
7318,3100,683,93
4106,3100,1301,317
4642,3150,184,40
4018,3175,528,132
7550,3200,2177,288
11163,3225,1783,160
15925,3225,1684,106
4706,3250,732,156
4379,3275,590,135
4773,3300,1360,285
3596,3300,646,180
14146,3300,743,52
3640,3325,570,157
9644,3350,1338,139
9464,3375,1206,127
5415,3400,1842,340
8603,3425,1204,140
3081,3475,462,150
4612,3500,2587,561
5218,3525,602,115
15699,3550,1601,102
19542,3550,791,40
7862,3550,531,68
6833,3600,5949,871
5259,3750,899,171
11155,3750,4665,418
13766,3850,1499,109
7098,3850,1646,232
14352,3900,1954,136
12486,3900,685,55
3044,3950,91,30
7261,4000,2225,306
8326,4000,3005,361
3305,4000,244,74
8729,4000,460,53
5365,4050,1947,363
7003,4100,1523,217
10448,4150,1581,151
5397,4200,450,83
10788,4400,2947,273
10130,4600,2078,205
17607,4700,2124,121
15600,4800,961,62
12040,4850,1971,164
3168,4950,1005,317
5022,4950,862,172
3498,5000,1051,300
3310,5100,441,133
8257,5100,2665,323
13328,5100,2452,184
5628,5200,1725,306
3990,5200,794,199
8575,5300,1523,178
9497,5500,1726,182
10168,5600,2679,263
12620,5600,2306,183
6811,5600,740,109
4910,6050,924,188
6882,6450,257,37
4830,6450,291,60
3772,6900,166,44
11157,7450,2373,213
6943,7600,1691,244
6827,8850,444,65
