POP_TOT_2022,Max di 2021_1_Compr_media,CUM_2011_2021_TOT_TRS_IMM,TRS_IMM/TOT_POP*1000
3238,380,205,56,63,4836318715256
6097,390,346,83,56,8853534525176
5067,415,517,24,102,08012630748
3367,415,209,8,62,3106623106623
3167,417,5,47,67,15,0520997789706
4354,422,5,101,89,23,4014699127239
3390,447,5,188,27,55,5368731563422
6771,450,276,54,40,8418254319894
3257,450,209,98,64,4703715075223
8688,452,5,588,48,67,7348066298343
4765,452,5,270,38,56,7429171038825
3490,457,5,149,69,42,89111747851
5484,462,5,268,79,49,0134938001459
6774,462,5,368,21,54,3563625627399
3466,462,5,206,69,59,6335833814195
4181,465,181,39,43,3843578091366
3150,470,336,49,106,822222222222
3932,470,193,86,49,3031536113937
8714,470,365,9,41,9899013082396
5298,470,511,51,96,5477538693847
4347,472,5,372,77,85,7533931446975
3267,475,137,5,42,0875420875421
5418,475,406,74,75,0719822812846
4309,475,208,93,48,4868879090276
3768,475,37,23,9,88057324840764
4280,475,317,61,74,2079439252336
4602,477,5,320,37,69,6153846153846
8928,482,5,428,5,47,9950716845878
3727,482,5,143,57,38,5215991414006
3500,490,205,43,58,6942857142857
7645,490,630,16,82,4277305428385
4159,490,225,18,54,1428227939408
8721,492,5,654,38,75,0349730535489
3296,492,5,144,02,43,6953883495146
9353,495,454,78,48,6239709184219
5908,495,223,17,37,7742044685173
3881,500,176,57,45,4960061839732
3704,500,354,63,95,7424406047516
3098,500,75,86,24,4867656552615
4622,500,111,81,24,1908264820424
4838,500,242,29,50,0806118230674
3344,500,170,74,51,0586124401914
4450,500,375,08,84,2876404494382
5747,500,425,87,74,1030102662259
3428,502,5,429,36,125,250875145858
5697,502,5,342,62,60,1404247849745
4942,502,5,224,84,45,4957507082153
3083,502,5,185,52,60,1751540707103
6692,505,614,22,91,7842199641363
13763,505,483,47,35,128242389014
3944,507,5,143,39,36,356490872211
3635,510,265,34,72,9958734525447
6080,510,334,35,54,9917763157895
3942,510,104,27,26,4510400811771
5486,515,239,07,43,5781990521327
4954,515,252,21,50,9103754541784
6726,515,335,3,49,8513232233125
6214,515,266,96,42,961055680721
3955,515,176,9,44,7281921618205
3451,517,5,112,02,32,4601564763837
3482,517,5,46,13,2107983917289
4190,517,5,291,62,69,5990453460621
5897,520,288,81,48,9757503815499
3678,520,143,5,39,015769439913
7639,520,357,14,46,752192695379
3122,520,123,69,39,6188340807175
4948,520,264,63,53,4822150363783
4199,520,597,68,142,338652060014
3048,525,200,54,65,7939632545932
8286,525,211,72,25,5515327057688
5629,525,625,37,111,09788594777
6269,525,180,49,28,7908757377572
3740,525,198,47,53,0668449197861
10948,525,457,32,41,7720131530873
4607,525,491,19,106,618189711309
10344,525,397,44,38,4222737819025
3667,527,5,284,42,77,5620398145623
11720,530,531,49,45,348976109215
5236,530,271,65,51,8812070282659
3159,530,396,84,125,622032288699
5685,535,266,35,46,8513632365875
4889,535,89,3,18,2654939660462
4998,535,233,62,46,7426970788315
8204,535,353,49,43,087518283764
3959,535,200,89,50,7426117706491
6777,540,427,36,63,0603511878412
3891,540,142,16,36,5355949627345
4264,540,325,75,76,3954033771107
3736,542,5,27,83,7,44914346895075
3304,545,286,5,86,7130750605327
4437,545,177,93,40,1014198782961
4097,545,241,97,59,0602880156212
3555,550,257,78,72,5119549929677
6170,550,258,53,41,9011345218801
9386,550,319,8,34,0720221606648
10151,550,315,68,31,0984139493646
7838,550,336,77,42,9663179382496
3812,550,125,98,33,0482686253935
4699,550,297,91,63,3985954458395
3903,550,265,55,68,0374071227261
3971,550,63,53,15,9984890455805
3043,552,5,294,29,96,7104830759119
5857,552,5,311,46,53,1773945705993
4859,555,158,55,32,6301708170405
7134,555,338,39,47,4334174376227
3089,555,172,54,55,8562641631596
3691,555,307,58,83,3324302357085
3517,560,476,38,135,450668183111
3594,560,84,65,23,5531441291041
3125,560,77,46,24,7872
7747,560,497,57,64,2274428811153
3612,560,166,56,46,1129568106312
3227,560,185,68,57,539510381159
3325,560,452,71,136,153383458647
7604,560,451,49,59,3753287743293
4785,560,361,12,75,4691745036573
7711,562,5,194,95,25,2820645830632
6179,565,466,92,75,5656255057453
8860,565,576,93,65,1162528216704
12566,565,658,56,52,4080853095655
6796,565,493,42,72,6044732195409
15802,565,622,8,39,412732565498
5878,567,5,558,34,94,9880911874787
10379,567,5,361,47,34,8270546295404
5996,570,362,88,60,520346897932
4634,570,83,17,17,9477772982305
3069,570,88,28,673835125448
14002,570,746,49,53,3130981288387
3015,570,214,62,71,18407960199
5703,570,311,1,54,5502367175171
3654,575,225,92,61,8281335522715
4875,575,232,08,47,6061538461538
13421,575,453,59,33,7970344981745
3473,575,123,49,35,5571551972358
6329,575,379,25,59,9225786064149
10313,575,720,67,69,8797634054106
5091,575,228,95,44,9715183657435
3011,575,56,02,18,6051145798738
3105,575,92,73,29,8647342995169
3194,575,125,11,39,170319348779
9829,580,462,13,47,0169905382033
3389,585,278,71,82,2395987016819
7384,585,665,85,90,1747020585049
4868,585,283,97,58,3340180772391
5129,585,393,14,76,6504191850263
7082,585,484,05,68,3493363456651
3164,587,5,241,27,76,2547408343869
3990,590,161,65,40,5137844611529
4286,592,5,350,53,81,7848810079328
4343,592,5,158,48,36,4909049044439
3762,595,203,95,54,2131844763424
7132,595,415,52,58,2613572630398
14099,595,628,9,44,6060004255621
5343,595,97,1,18,1733108740408
4201,595,241,83,57,5648655082123
5920,595,314,94,53,1993243243243
3525,600,242,31,68,7404255319149
6216,600,229,63,36,9417631917632
6134,600,309,13,50,3961525921096
5241,600,601,13,114,697576798321
3667,600,260,61,71,0689937278429
16211,600,836,42,51,5958299919808
3480,600,144,79,41,6063218390805
3546,605,338,67,95,507614213198
11345,605,469,35,41,3706478624945
4727,605,237,75,50,2961709329384
3282,605,247,19,75,3168799512492
3753,610,377,25,100,519584332534
3246,610,145,53,44,8336414048059
5961,610,238,09,39,9412850192921
4191,610,238,88,56,9983297542353
6865,610,275,11,40,0742898761835
3598,610,198,98,55,3029460811562
3293,612,5,267,29,81,1691466747646
4288,615,312,67,72,9174440298507
3428,615,200,97,58,6260210035006
3284,615,242,19,73,7484774665043
3591,615,189,46,52,7596769702033
8620,620,441,53,51,2215777262181
4188,620,259,44,61,9484240687679
3190,625,324,56,101,742946708464
3231,625,286,81,88,7681832250077
3263,625,205,69,63,0370824394729
4901,625,243,36,49,6551724137931
4012,625,161,96,40,3688933200399
4623,625,203,43,44,0038935756003
6741,625,268,71,39,8620382732532
3042,625,133,96,44,0368178829717
13986,625,1106,17,79,0912340912341
5563,625,374,26,67,2766492899515
3946,625,212,54,53,8621388748099
9885,625,457,77,46,309559939302
5854,625,371,13,63,3976768021866
4441,625,444,94,100,189146588606
4488,625,203,55,45,3542780748663
12184,625,672,93,55,2306303348654
4995,625,345,27,69,1231231231231
8298,625,454,23,54,7396963123644
3356,625,142,36,42,419547079857
3051,625,201,86,66,1619141265159
4095,630,126,4,30,8669108669109
3182,630,249,89,78,5323695788812
3972,630,112,67,28,3660624370594
4665,630,226,53,48,5594855305466
3746,630,159,16,42,4879871863321
5199,630,168,42,32,3946912867859
13482,630,751,07,55,7090936062899
6032,630,394,13,65,3398541114058
6635,630,290,33,43,7573474001507
14639,630,358,55,24,4927932235808
6243,630,433,68,69,4666025949063
4780,635,366,64,76,7029288702929
10011,635,938,37,93,7338927180102
3641,640,242,21,66,5229332600934
3092,640,119,81,38,748382923674
4198,645,277,64,66,1362553596951
5691,645,309,33,54,3542435424354
4999,645,237,67,47,5435087017403
3870,645,166,22,42,9509043927649
3631,645,174,05,47,934453318645
3863,645,190,6,49,3398912762102
3832,645,247,01,64,4598121085595
5588,645,522,6,93,5218324982105
8024,645,564,01,70,2903788634098
4594,650,398,89,86,8284719198955
7112,650,548,47,77,1189538807649
7156,650,464,71,64,9399105645612
4926,650,383,99,77,9516849370686
4531,650,285,91,63,1008607371441
3455,650,102,08,29,5455861070912
6220,650,927,77,149,159163987138
19372,650,1198,39,61,861965723725
10993,650,1176,71,107,041753843355
4857,650,366,32,75,4210417953469
4753,650,283,48,59,6423311592678
5721,650,211,23,36,9218668065024
5261,650,630,91,119,9220680479
10493,650,702,67,66,9655961116935
4546,650,178,21,39,2014958205015
4836,650,173,53,35,8829611248966
3777,655,348,87,92,3669579030977
10956,655,806,58,73,6199342825849
3577,655,96,23,26,902432205759
3071,655,222,8,72,5496580918268
6310,655,470,63,74,5847860538827
5059,655,156,18,30,8717137774264
3094,655,127,09,41,076276664512
3648,660,333,35,91,3788377192982
5421,660,307,04,56,6389964951116
3380,660,186,18,55,0828402366864
6311,660,267,8,42,4338456662969
6415,660,367,98,57,3624318004677
10631,660,985,77,92,72599002916
6441,660,491,83,76,3592609843192
3087,665,423,38,137,149335924846
3741,665,374,5,100,106923282545
5584,665,374,95,67,1472063037249
3554,665,318,23,89,5413618458075
3049,665,342,41,112,302394227616
4074,665,111,71,27,4202258222877
5399,665,279,63,51,7929246156696
6636,665,267,65,40,333031946956
3230,670,233,12,72,1733746130031
4181,670,473,63,113,281511600096
3365,670,220,05,65,3937592867756
6520,670,135,56,20,7914110429448
4449,670,180,28,40,5214654978647
6011,670,318,54,52,9928464481783
9175,670,659,11,71,8376021798365
11086,670,761,28,68,67039509291
5167,670,472,36,91,4186181536675
10581,670,381,36,0079387581514
3085,675,416,31,134,946515397083
3310,675,332,69,100,510574018127
3048,675,578,68,189,855643044619
3427,675,268,84,78,4476218266705
3652,675,361,55,99,0005476451259
3279,675,368,91,112,506861848124
3414,675,322,42,94,4405389572349
3505,675,324,14,92,4793152639087
3185,675,332,45,104,379905808477
3050,675,199,57,65,4327868852459
6583,675,487,14,73,9996961871487
6802,675,525,89,77,3140252866804
6640,675,586,41,88,3147590361446
4202,675,184,44,43,8933841028082
5430,675,337,91,62,2302025782689
4519,675,143,56,31,7680902854614
3848,675,131,13,34,0774428274428
4564,675,153,73,33,6831726555653
5518,675,266,27,48,2548024646611
5511,675,200,44,36,3708945744874
7216,675,516,23,71,5396341463415
6275,675,178,96,28,5195219123506
4936,675,174,79,35,4112641815235
7186,675,197,99,27,5521848037851
12617,675,753,34,59,7083300309107
5925,675,509,4,85,9746835443038
5707,675,357,19,62,5880497634484
5228,675,329,7,63,0642693190513
9630,675,650,17,67,515057113188
8672,675,416,27,48,0016143911439
19254,675,669,66,34,7803053910876
10082,675,536,46,53,2096806189248
7051,675,766,85,108,757623032194
16187,675,1565,05,96,6856119107926
7578,675,271,95,35,8867775138559
6243,675,258,03,41,3310908217203
3916,680,273,54,69,8518896833504
3743,680,388,85,103,887256211595
3390,680,190,43,56,1740412979351
3274,680,154,08,47,0616982284667
3918,680,207,09,52,8560490045942
3774,680,85,31,22,6046634870164
3274,680,329,53,100,650580329872
5835,680,345,18,59,1568123393316
3740,685,342,43,91,5588235294118
3262,685,137,89,42,271612507664
6630,685,222,05,33,4917043740573
7502,685,389,53,51,9234870701146
8741,685,784,89,6922548907448
3605,685,156,57,43,4313453536754
9960,685,465,34,46,7208835341366
14947,685,703,52,47,0676389911019
10500,685,473,72,45,1161904761905
7726,685,586,51,75,913797566658
3926,685,380,28,96,8619460010188
8109,690,719,29,88,702676038969
14313,690,848,96,59,3139104310766
3461,690,135,87,39,2574400462294
3021,690,126,16,41,7610062893082
3225,690,117,3,36,3720930232558
6820,690,277,29,40,658357771261
3035,690,175,2,57,7265238879736
3323,690,142,42,732470659043
4123,695,319,4,77,4678632064031
3508,695,152,25,43,4007981755986
13425,695,767,68,57,1828677839851
3855,695,144,73,37,5434500648508
4129,695,147,99,35,8416081375636
3311,695,191,98,57,9824826336454
9903,695,541,08,54,6379884883369
3109,700,309,75,99,6301061434545
4045,700,302,95,74,8949320148331
14015,700,1243,26,88,709240099893
4054,700,323,66,79,8371978293044
4237,700,299,27,70,6325230115648
5198,700,455,21,87,5740669488265
4267,700,269,04,63,0513241153035
4531,700,219,63,48,4727433237696
3202,700,102,96,32,1549031855091
7812,700,393,43,50,3622631848438
12139,700,285,27,23,5002883268803
5732,700,280,66,48,963712491277
3016,700,303,44,100,610079575597
4733,700,166,28,35,1320515529263
3271,700,121,36,37,1018037297463
6648,700,392,21,58,9966907340554
15095,700,1072,72,71,0645909241471
3345,700,118,5,35,4260089686099
3231,700,188,04,58,1987000928505
3692,700,108,53,29,3959913326111
3842,700,178,66,46,5018219677251
3614,700,130,77,36,1842833425567
3101,705,102,6,33,0861012576588
11922,705,483,76,40,5770843818151
9932,705,489,15,49,2498993153444
4295,710,269,97,62,8568102444703
5272,710,395,16,74,9544764795144
6329,710,559,71,88,4357718438932
3271,710,356,6,109,018648731275
5178,710,346,54,66,9254538431827
3230,710,252,47,78,1640866873065
4534,710,380,34,83,8861932068813
5946,710,542,67,91,2663975782038
3759,710,257,25,68,4357541899441
3054,710,295,4,96,7256057629339
4069,710,326,67,80,2826247235193
5140,710,583,03,113,429961089494
5782,710,558,59,96,6084399861639
4824,710,400,82,9187396351575
6854,710,269,15,39,269039976656
3423,710,162,91,47,5927548933684
3608,710,188,03,52,1147450110865
13156,710,715,21,54,3637883855275
8796,710,274,66,31,2255570713961
6304,710,295,98,46,9511421319797
6180,710,424,01,68,6100323624595
5792,710,198,64,34,2955801104972
4661,715,204,31,43,8339412143317
3754,715,52,99,14,115610015983
6971,715,270,21,38,7620140582413
9628,715,525,47,54,5772746157042
6739,715,527,57,78,2860958599199
4388,715,331,53,75,5537830446673
7162,720,930,39,129,906450712092
4513,720,383,35,84,9434965654775
3415,720,149,23,43,6983894582723
4038,720,286,35,70,9138187221397
3650,720,146,05,40,013698630137
6796,720,351,45,51,7142436727487
5672,720,281,45,49,6209449929478
6163,720,439,67,71,3402563686516
6355,720,404,74,63,6884343036979
7636,725,708,9,92,8365636458879
7596,725,674,05,88,7374934175882
3817,725,358,06,93,8066544406602
6363,725,440,75,69,2676410498193
5551,725,454,53,81,8825436858224
3587,725,252,42,70,3707833844438
3410,725,272,76,79,9882697947214
4999,725,221,17,44,2428485697139
8423,725,185,34,22,004036566544
3069,725,126,3,41,1534701857283
6782,725,463,81,68,388381008552
4164,725,229,49,55,1128722382325
16106,725,851,33,52,8579411399479
4283,725,634,27,148,090123745039
4677,725,200,53,42,875775069489
12000,725,525,69,43,8075
18307,725,1075,62,58,7545747528268
9128,725,624,7,68,4377738825592
7453,725,357,73,47,9981215617872
8421,725,519,19,61,6541978387365
6619,725,351,96,53,1741954978093
4350,725,171,91,39,519540229885
3777,725,196,3,51,9724649192481
11134,725,565,19,50,7625291898689
4581,725,165,36,0183366077276
3440,725,119,94,34,8662790697674
4151,730,113,08,27,2416285232474
3701,730,135,69,36,6630640367468
11551,730,757,16,65,5493030906415
8075,735,748,46,92,6885448916409
5497,735,455,26,82,8197198471894
3558,735,222,85,62,6335019673974
4601,735,162,63,35,3466637687459
8963,735,334,5,37,320093718621
10743,735,741,36,69,0086567997766
3985,735,106,91,26,8281053952321
3261,740,231,13,70,8770315854032
3141,740,179,37,57,1060171919771
8219,740,469,32,57,1018372064728
5719,745,432,5,75,62510928484
3064,750,276,38,90,2023498694517
3777,750,261,03,69,1104050833995
6080,750,602,16,99,0394736842105
4562,750,400,01,87,6830337571241
4180,750,347,12,83,0430622009569
4751,750,319,65,67,2805725110503
3054,750,221,56,72,5474787164375
7271,750,607,48,83,5483427313987
7507,750,635,93,84,7116025043293
8744,750,932,18,106,607959743824
3007,750,244,47,81,3002993016295
8663,750,616,45,71,1589518642503
4096,750,335,96,82,021484375
5353,750,352,69,65,8864188305623
6716,750,432,04,64,329958308517
7760,750,524,63,67,6069587628866
10001,750,629,41,62,9347065293471
3451,750,210,25,60,9243697478992
3751,750,543,79,144,972007464676
6848,750,608,99,88,9296144859813
4436,750,352,76,79,522091974752
4160,750,197,51,47,4783653846154
4072,750,174,19,42,7775049115914
6975,750,332,22,47,6301075268817
4154,750,177,64,42,7636013480982
3020,750,149,56,49,523178807947
6409,750,389,52,60,7770322983305
7390,750,217,89,29,4844384303112
3357,750,97,16,28,942508191838
4515,750,175,88,38,9545957918051
5761,750,319,55,3723311925013
3206,750,185,94,57,9975046787274
7220,750,378,45,52,4168975069252
3563,750,261,93,73,5138927869773
16869,750,1187,47,70,3936214357697
15423,750,751,3,48,7129611619011
4165,750,586,74,140,873949579832
4788,750,279,56,58,3876357560568
4428,750,203,49,45,9552845528455
6387,750,487,18,76,2768122749335
3853,750,152,52,39,5847391642876
13317,750,524,29,39,3699782233236
4298,755,381,95,88,8669148441136
6846,755,442,57,64,6465089103126
14569,755,854,51,58,6526185736838
4080,755,282,96,69,3529411764706
3094,760,544,14,175,869424692954
3386,760,345,06,101,907855877141
7440,760,453,15,60,9072580645161
13660,760,644,72,47,1976573938507
5138,760,307,08,59,766446087972
4354,760,184,58,42,3932016536518
3513,760,191,14,54,4093367492172
3244,765,262,39,80,8847102342787
6942,765,200,59,28,8951310861423
8233,765,776,81,94,3532126806753
11453,765,665,36,58,0948223172968
4241,765,246,43,58,1065786371139
4730,770,440,78,93,1881606765328
5174,770,190,16,36,7529957479706
5303,770,294,08,55,4554026023006
4960,770,356,97,71,9697580645161
6743,770,458,14,67,9430520539819
3052,775,304,61,99,8066841415465
6273,775,593,03,94,5369041925713
6478,775,515,16,79,5245446125348
5320,775,330,57,62,1372180451128
5153,775,338,07,65,6064428488259
3053,775,294,07,96,321650835244
4000,775,274,76,68,69
3323,775,201,35,60,5928377971712
5100,775,363,7,71,3137254901961
3123,775,420,14,134,530899775857
8346,775,735,33,88,1056793673616
19906,775,2627,11,131,975786195117
6875,775,495,56,72,0814545454545
3003,775,292,23,97,3126873126873
9079,775,366,24,40,3392444101773
13970,775,927,19,66,3700787401575
5138,775,197,15,38,3709614636045
9478,775,596,56,62,9415488499683
4284,775,319,34,74,5424836601307
4166,775,296,93,71,2746039366299
5922,775,262,6,44,3431273218507
8640,775,398,8,46,1574074074074
4242,780,354,64,83,6020744931636
6273,780,228,82,36,4769647696477
3681,780,205,59,55,8516707416463
4502,780,235,98,52,4167036872501
12189,785,1174,52,96,3590122241365
3804,785,275,07,72,3107255520505
3884,785,368,21,94,8017507723996
3370,785,100,39,29,7893175074184
3184,785,111,5,35,0188442211055
4052,785,206,62,50,9921026653505
3260,785,94,99,29,138036809816
6337,790,498,99,78,7423070853716
6005,790,522,34,86,9841798501249
3515,795,280,07,79,678520625889
7560,795,656,38,86,8227513227513
3231,795,146,36,45,2986691426803
3651,795,167,76,45,94905505341
3378,800,402,69,119,209591474245
3066,800,269,55,87,9158512720157
4591,800,868,12,189,091701154433
5086,800,493,37,97,0055053086905
3053,800,205,92,67,4484113986243
5850,800,593,86,101,51452991453
5971,800,400,35,67,0490705074527
7625,800,649,91,85,2340983606557
6888,800,543,11,78,8487224157956
4100,800,286,04,69,7658536585366
3869,800,337,22,87,1594727319721
3758,800,281,05,74,7871208089409
8350,800,702,94,84,1844311377246
6301,800,497,94,79,0255514997619
6723,800,764,03,113,644206455451
9123,800,750,79,82,2963937301326
4777,800,398,92,83,5084781243458
5332,800,415,01,77,8338334583646
4820,800,337,8,70,0829875518672
3594,800,237,39,66,0517529215359
3624,800,252,32,69,6247240618102
4980,800,211,58,42,4859437751004
3011,800,141,79,47,0906675523082
4748,800,219,56,46,2426284751474
5290,800,228,16,43,1304347826087
6039,800,450,78,74,6448087431694
6869,800,220,42,32,0890959382734
13130,800,366,87,27,9413556740289
14249,800,946,5,66,425714085199
7308,800,340,22,46,5544608648057
12331,800,310,92,25,2145000405482
13619,800,1044,34,76,6825758132021
13713,800,899,8,65,6165682199373
12636,800,768,13,60,7890155112377
3204,800,276,54,86,310861423221
4184,800,354,65,84,7633843212237
3798,800,231,71,61,0084254870985
8160,800,380,57,46,6384803921569
18267,805,1209,49,66,2117479608036
19127,805,485,76,25,3965598368798
3218,810,670,39,208,325046612803
6712,810,573,25,85,4067342073897
4874,810,295,31,60,588838736151
4444,810,547,92,123,294329432943
3647,810,331,15,90,8006580751302
6387,810,338,26,52,9607014247691
3494,810,292,95,83,8437321121923
4638,810,315,86,68,102630444157
6481,810,520,7,80,3425397315229
4894,810,353,62,72,2558234572946
4428,810,246,48,55,6639566395664
6926,815,709,98,102,509384926364
4349,815,370,34,85,1552080938147
10960,815,658,83,60,1122262773723
3029,815,284,99,94,0871574777154
3424,815,205,29,59,956191588785
6962,815,353,98,50,8445848893996
5664,815,204,42,36,0911016949153
3226,815,308,47,95,6199628022319
5118,820,469,46,91,727237202032
3333,820,143,29,42,991299129913
8593,820,472,75,55,015710462004
4484,820,320,31,71,4339875111508
4616,825,611,54,132,48266897747
9411,825,929,92,98,8120284773138
3030,825,171,43,56,5775577557756
4742,825,460,93,97,201602699283
3762,825,312,31,83,0170122275385
3777,825,326,43,86,4257347100874
3747,825,198,07,52,8609554310115
8670,825,671,28,77,4256055363322
3053,825,199,49,65,3422862757943
3440,825,299,64,87,1046511627907
3275,825,198,49,60,6076335877863
3113,825,270,44,86,8743976871185
8240,825,702,24,85,2233009708738
5252,825,467,19,88,9546839299315
8402,825,610,21,72,6267555343966
4769,825,411,28,86,2403019500944
7645,825,598,25,78,2537606278614
4805,825,414,8,86,3267429760666
6074,825,419,4,69,0484030293052
4173,825,186,44,5722501797268
9373,825,489,11,52,1828656780113
6239,825,582,44,93,354704279532
17160,825,1182,49,68,9096736596737
4643,825,235,58,50,7387465001077
5689,825,241,55,42,4591316575848
3488,825,212,06,60,7970183486239
6599,825,283,62,42,9792392786786
4218,830,425,85,100,960170697013
5767,830,516,6,89,5786370730016
3633,830,293,88,80,8918249380677
8127,830,495,24,60,93761535622
8642,830,623,77,72,1788937745892
5652,835,568,16,100,523708421798
5115,835,500,63,97,8748778103617
4528,835,440,03,97,1797703180212
4420,835,332,71,75,2737556561086
3296,835,292,45,88,7287621359223
13001,835,783,47,60,2622875163449
3517,835,132,49,37,6713107762297
3116,835,218,97,70,2727856225931
3898,840,498,69,127,934838378656
5168,840,565,96,109,512383900929
3017,840,309,87,102,707988067617
4129,840,265,24,64,238314361831
5230,840,270,61,51,7418738049713
4262,840,319,22,74,8991083998123
4640,840,267,26,57,5991379310345
3653,840,226,3,61,9490829455242
3981,840,138,63,34,8229088168802
3928,840,171,39,43,6328920570265
4206,840,178,61,42,4655254398478
5702,840,612,18,107,362329007366
4511,840,385,07,85,36244735092
11035,840,725,96,65,7870412324422
7827,840,507,99,64,9022614028363
3025,840,109,45,36,1818181818182
10094,845,1221,59,121,021398850802
4279,845,510,74,119,359663472774
5036,845,345,42,68,5901509134234
5609,845,442,49,78,8892850775539
3839,845,351,1,91,4561083615525
6610,845,634,99,96,0650529500756
4226,845,712,43,168,582584003786
8857,845,445,37,50,2845207180761
9614,845,284,97,29,6411483253588
11941,845,777,72,65,1302235993635
6236,850,832,06,133,42847979474
4252,850,304,68,71,6556914393227
3554,850,307,5,86,5222284749578
9912,850,912,57,92,067191283293
8343,850,750,19,89,9184945463262
3919,850,343,15,87,5606021944374
3740,850,414,16,110,737967914438
5834,850,458,6,78,6081590675351
9268,850,703,23,75,8772119119551
3708,850,335,95,90,601402373247
8172,850,526,89,64,4750367107195
3482,850,320,56,92,0620333141872
3232,850,459,75,142,249381188119
3075,850,241,29,78,4682926829268
10456,850,658,82,63,0087987758225
6104,850,240,03,39,3233944954128
3675,850,275,56,74,9823129251701
6698,850,417,37,62,3126306360108
10308,850,440,86,42,7687233216919
16963,850,816,5,48,1341743795319
3822,850,163,92,42,8885400313972
16567,850,1285,31,77,5825436107925
11840,850,971,95,82,0903716216216
3616,850,189,56,52,4225663716814
5623,850,241,2,42,8952516450293
12513,850,844,87,67,5193798449613
9383,850,540,39,57,5924544388788
18997,850,1287,36,67,7664894457019
11888,850,749,87,63,0778936742934
3075,855,290,7,94,5365853658537
5623,855,493,8,87,8178908056198
4510,855,490,5,108,758314855876
7530,855,338,68,44,9774236387782
3842,855,201,9,52,5507548152004
10844,855,451,02,41,5916635927702
5143,855,660,77,128,479486680926
5556,855,351,3,63,2289416846652
3434,855,151,09,43,9982527664531
4122,860,135,47,32,8651140223193
7268,860,513,01,70,584755090809
3218,865,244,05,75,8390304536979
3338,865,318,85,95,5212702216896
3762,865,285,56,75,906432748538
13655,865,998,8,73,1453679970707
12802,865,977,8,76,3786908295579
3574,870,431,8,120,817011751539
3018,870,192,56,63,8038436050364
5177,870,267,68,51,7056210160325
3063,870,127,43,41,6030035912504
10577,870,499,48,47,2232201947622
7388,875,827,87,112,056036816459
5374,875,518,88,96,5537774469669
3319,875,338,08,101,862006628503
3000,875,339,37,113,123333333333
3318,875,279,94,84,3701024713683
4946,875,387,35,78,3158107561666
5679,875,608,98,107,233667899278
4722,875,448,62,95,0063532401525
3760,875,257,38,68,4521276595745
5549,875,592,83,106,835465849703
12548,875,1029,66,82,0576984379981
15660,875,1388,98,88,6960408684547
4191,875,364,9,87,0675256502028
5863,875,488,49,83,317414293024
3261,875,258,44,79,2517632628028
6997,875,500,37,71,512076604259
14978,875,1297,91,86,6544264921885
4572,875,611,34,133,713910761155
8133,875,653,02,80,2926349440551
4299,875,452,98,105,368690393115
7338,875,319,77,43,5772690106296
5112,875,204,31,39,966744913928
11368,875,574,14,50,5049261083744
3075,875,250,76,81,5479674796748
8548,875,410,38,48,0088909686476
5224,875,183,5,35,1263399693721
4805,875,203,48,42,3475546305931
11448,875,616,1,53,8172606568833
6307,875,342,64,54,3269383224988
7476,875,739,39,98,9018191546282
7962,875,233,5,29,3268023109771
8097,875,243,86,30,1173274052118
4156,880,298,63,71,8551491819057
4808,880,581,42,120,92762063228
7528,880,328,81,43,6782678002125
7912,880,669,46,84,61324570273
4657,880,446,91,95,9652136568606
7579,880,745,76,98,3982055680169
4291,880,161,5,37,636914472151
12920,880,958,35,74,1756965944272
10896,880,624,29,57,2953377386197
4176,880,338,84,81,139846743295
3560,885,840,53,236,10393258427
3878,885,317,27,81,8127900979887
3118,885,209,41,67,1616420782553
6238,885,632,99,101,47322859891
3973,885,302,65,76,17669267556
6052,885,511,99,84,5984798413748
3302,885,153,69,46,5445184736523
5274,885,387,37,73,4489950701555
3055,885,231,63,75,8199672667758
3704,885,191,91,51,811555075594
7216,885,333,47,46,2125831485588
4308,890,396,54,92,0473537604457
5308,890,523,59,98,6416729464958
3480,890,378,31,108,709770114943
3222,890,411,8,127,808814400993
16358,890,1547,45,94,5989729795819
6097,890,486,37,79,7720190257504
3781,890,263,63,69,7249404919334
4417,895,321,85,72,8661987774508
7147,895,531,26,74,3332866937176
9208,895,544,65,59,1496524761077
3386,900,233,56,68,9781453041937
10873,900,1006,14,92,5356387381588
3108,900,290,07,93,3301158301158
5118,900,442,54,86,4673700664322
7205,900,573,33,79,5739070090215
5410,900,360,08,66,5582255083179
4737,900,407,1,85,940468651045
6254,900,465,81,74,4819315637992
5860,900,690,31,117,800341296928
4016,900,315,35,78,523406374502
6146,900,573,75,93,3534005857468
5529,900,593,28,107,303309820944
5662,900,646,71,114,219357117626
14306,900,1388,41,97,05088773941
3014,900,112,26,37,2461844724618
5067,900,256,72,50,6650878231695
3913,900,203,24,51,939688218758
14695,900,949,7,64,6274242939775
6027,900,572,18,94,9361207897793
6791,900,350,91,51,6728022382565
11929,900,647,97,54,318886746584
7596,900,700,4,92,2064244339126
11230,900,1030,22,91,7382012466607
4205,900,196,83,46,8085612366231
4371,905,434,19,99,334248455731
3152,905,188,55,59,8191624365482
4291,905,375,25,87,4504777441156
3641,905,262,74,72,1614940950288
3482,905,250,71,7978173463527
3048,905,277,1,90,9120734908137
6449,905,1064,69,165,093812994263
3630,910,155,16,42,7438016528926
4010,915,326,5,81,4214463840399
3744,915,213,28,56,965811965812
4835,915,268,48,55,5284384694933
3330,915,158,05,47,4624624624625
4597,920,459,62,99,9825973460953
4553,920,463,97,101,904238963321
4701,920,363,34,77,2899383109977
7096,920,484,71,68,3074971815107
7190,920,676,39,94,0737134909597
3907,920,235,19,60,1970821602252
3141,920,118,99,37,8828398599172
4004,920,283,3,70,7542457542458
3643,920,287,77,78,9925885259401
3255,920,139,07,42,7250384024578
4987,920,338,82,67,9406456787648
11602,920,703,22,60,6119634545768
12318,920,666,42,54,1013151485631
6536,920,270,21,41,3417992656059
12258,920,390,06,31,8208516886931
14827,920,895,2,60,3763404599717
4415,920,346,34,78,4462061155153
4064,925,462,13,113,713090551181
9444,925,954,33,101,051461245235
4345,925,389,34,89,6064441887227
4179,925,502,98,120,358937544867
6098,925,690,8,113,283043620859
11812,925,1267,82,107,333220453776
16031,925,1375,98,85,8324496288441
16751,925,1727,12,103,105486239628
8423,925,805,34,95,6120147215956
10202,925,1077,24,105,591060576358
4796,925,377,14,78,6363636363636
3453,925,287,09,83,1421951925862
3694,925,247,96,67,1250676773146
4554,925,391,67,86,0057092665788
6064,925,579,95,4815303430079
11739,925,1146,59,97,6735667433342
13337,925,1081,02,81,0542100922246
6002,925,553,46,92,2125958013995
5363,925,585,14,109,106843184785
8986,925,455,29,50,6665924771867
3980,925,207,5,52,1356783919598
4247,925,377,08,88,7873793265835
6447,925,463,37,71,8737397239026
3483,925,264,02,75,8024691358025
4094,925,264,67,64,6482657547631
3504,925,232,9,66,4668949771689
7951,925,519,67,65,3590743302729
4298,925,271,71,63,2177757096324
9088,925,486,4,53,5211267605634
9804,925,427,83,43,6383108935129
10441,925,500,66,47,9513456565463
4703,925,223,27,47,4739527960876
17645,925,990,81,56,1524511192973
9543,925,442,51,46,370114219847
9010,925,356,14,39,527192008879
7768,925,350,74,45,1519052523172
5714,925,350,9,61,4105705285264
12928,925,1595,65,123,425897277228
12839,925,1234,09,96,1204143624893
11463,925,741,63,64,6977231091337
12899,925,1078,9,83,6421428017676
5213,925,422,33,81,0147707653942
12054,925,868,41,72,0433051269288
5487,930,347,67,63,3624931656643
3677,930,225,01,61,1939080772369
4218,930,287,04,68,0512091038407
3835,930,342,44,89,2933507170795
3752,930,269,08,71,7164179104478
4701,930,261,18,55,5583918315252
4511,930,275,95,61,1726889824873
5543,930,447,07,80,6548800288652
3533,930,245,89,69,5980752901217
6511,930,478,3,73,460297957303
5830,930,396,71,68,0463121783877
4928,930,427,09,86,6659902597403
7647,930,483,75,63,2601020007846
9296,930,425,16,45,7358003442341
3227,935,328,4,101,766346451813
4069,935,446,22,109,663307938068
5156,935,416,96,80,8688906128782
6516,935,528,81,0313075506446
3155,935,137,2,43,486529318542
17610,935,733,04,41,6263486655309
5494,935,285,19,51,9093556607208
4800,940,379,09,78,9770833333333
6336,940,540,25,85,2667297979798
6262,940,426,11,68,0469498562759
10325,940,422,53,40,9230024213075
4485,940,954,05,212,720178372352
12438,945,527,61,42,4191992281717
8374,945,644,24,76,9333651779317
4278,945,295,65,69,109396914446
17109,945,1437,45,84,0171839382781
5033,950,540,53,107,397178621101
7239,950,858,75,118,628263572317
3075,950,200,5,65,2032520325203
4095,950,382,18,93,3284493284493
3556,950,340,08,95,6355455568054
3379,950,406,67,120,352175199763
3874,950,364,79,94,1636551368095
4443,950,361,62,81,3909520594193
4549,950,334,84,73,6073862387338
16498,950,1831,42,111,008607103891
4138,950,352,4,85,1619139681005
10544,950,707,4,67,0902883156298
5112,950,508,63,99,4972613458529
7280,950,734,06,100,832417582418
3704,950,258,59,69,8137149028078
3878,950,248,06,63,9659618359979
11555,950,1066,55,92,3020337516227
11826,950,1015,43,85,8641975308642
6767,950,604,87,89,3852519580316
5500,950,491,98,89,4509090909091
5292,950,347,24,65,6160241874528
8385,950,516,95,61,6517590936196
4202,950,573,72,136,534983341266
18038,950,1390,16,77,0684111320545
4372,950,182,21,41,6765782250686
9882,950,495,56,50,1477433717871
13020,950,1217,52,93,5115207373272
3689,950,285,65,77,4329086473299
10065,950,512,02,50,8713363139593
12192,950,666,86,54,6965223097113
3051,950,169,21,55,4605047525402
6732,950,220,66,32,7777777777778
4609,950,192,03,41,6641353872857
4469,950,207,62,46,4578205415082
8170,950,445,95,54,5838433292534
4762,950,243,8,51,1969760604788
4023,950,188,14,46,7660949540144
4782,955,472,5,98,8080301129234
5816,955,549,99,94,5649931224209
9444,955,730,84,77,3867005506141
3392,955,186,11,54,8673349056604
8134,955,499,8,61,4457831325301
8709,955,281,23,32,2918819611896
3427,955,249,34,72,7575138605194
4199,955,194,71,46,3705644201
11231,955,889,74,79,2217968123943
4437,960,658,36,148,379535722335
3982,960,607,35,152,523857358111
7611,960,521,53,68,5231901195638
5386,960,458,97,85,2153731897512
4029,960,332,45,82,5142715313974
6023,960,663,32,110,131163871825
3968,960,426,63,107,517641129032
4417,960,291,1,65,9044600407516
6016,960,242,87,40,3706781914894
3660,960,220,38,60,2131147540984
8187,960,1079,46,131,850494686698
16579,960,1216,91,73,4006876168647
11643,960,912,03,78,3329038907498
8148,960,551,8,67,7221404025528
4847,965,421,26,86,9114916443161
10660,965,1197,34,112,320825515947
3038,965,395,83,130,292955892034
3458,965,281,2,81,3186813186813
10388,965,542,41,52,2150558336542
12017,965,404,77,33,6831155862528
5026,965,383,06,76,2156784719459
8500,965,1122,9,132,105882352941
3674,965,461,62,125,645073489385
6991,970,510,12,72,9681018452296
5242,970,541,15,103,233498664632
4382,970,487,27,111,198083067093
3043,970,124,06,40,7689779822544
10505,970,945,53,90,007615421228
5174,975,452,63,87,481638964051
4786,975,463,22,96,7864605098203
3246,975,335,103,203943314849
4343,975,473,19,108,954639650012
4767,975,370,97,77,8204321376128
4815,975,500,1,103,86292834891
5747,975,431,96,75,1626935792587
5857,975,412,01,70,3448864606454
3782,975,391,46,103,506081438392
3997,975,337,62,84,4683512634476
9135,975,722,2,79,0585659551177
5233,975,399,86,76,4112363844831
3677,975,260,23,70,7723687788958
5514,975,416,02,75,4479506710192
6906,975,713,37,103,297132927889
3880,975,389,39,100,35824742268
10679,975,898,07,84,096825545463
6020,975,651,28,108,186046511628
12128,975,848,38,69,9521767810026
8538,975,934,22,109,419067697353
11508,975,1201,2,104,379562043796
14970,975,1904,5,127,221108884436
13136,975,640,84,48,7850182704019
18880,975,2015,73,106,765360169492
5513,975,228,14,41,3821875566842
4237,975,210,4,49,6577767288176
4869,975,353,09,72,5179708359006
3492,980,350,33,100,323596792669
6211,980,563,39,90,7084205441958
8045,980,1058,64,131,589807333748
7330,980,739,11,100,833560709413
14602,980,1323,42,90,6327900287632
8796,980,564,57,64,1848567530696
6785,985,437,85,64,5320560058954
6010,985,563,28,93,7237936772047
8835,985,973,45,110,181097906055
3763,985,315,97,83,9675790592612
4682,985,348,3,74,3912857753097
9815,985,865,77,88,2088639836984
3759,985,407,21,108,329342910348
5484,990,530,24,96,6885485047411
5098,990,364,21,71,4417418595528
4247,990,357,24,84,1158464798681
3201,990,191,08,59,6938456732271
15842,990,950,26,59,9835879308168
4548,990,189,48,41,6622691292876
6623,990,268,72,40,5737581156576
7367,990,415,46,56,3947332699878
7218,990,460,58,63,8099196453311
4997,990,601,18,120,308184910947
19731,990,1227,55,62,2142820941665
17986,990,1317,82,73,2692093850773
7494,995,830,75,110,855350947425
4196,995,221,39,52,7621544327931
4117,995,358,5,87,0779693951907
9697,995,878,94,90,6404042487367
5390,995,505,97,93,8719851576994
3078,995,286,71,93,1481481481482
5349,995,276,23,51,641428304356
17256,995,406,21,23,5402178952248
7830,1000,821,68,104,939974457216
5999,1000,945,35,157,584597432905
5625,1000,612,21,108,837333333333
5817,1000,922,24,158,542203885164
7430,1000,720,34,96,950201884253
18090,1000,2082,79,115,134881149807
4785,1000,447,08,93,4336468129572
6600,1000,695,37,105,359090909091
5671,1000,595,61,105,027332040205
7281,1000,712,26,97,8244746600742
5952,1000,477,25,80,1831317204301
7257,1000,814,59,112,248863166598
3144,1000,275,97,87,7767175572519
7046,1000,563,5,79,9744535906897
5174,1000,393,02,75,9605720912253
4928,1000,549,78,111,5625
4308,1000,336,73,78,1638811513463
3176,1000,302,66,95,2959697732997
5229,1000,440,32,84,2073054121247
3842,1000,442,77,115,244664237376
4931,1000,537,48,109,000202798621
9270,1000,924,87,99,7702265372168
14711,1000,1757,23,119,450071375161
4288,1000,458,7,106,972947761194
5340,1000,606,83,113,638576779026
3067,1000,272,01,88,689272905119
4802,1000,458,32,95,4435651811745
4814,1000,452,63,94,023680930619
14985,1000,1416,16,94,5051718385052
5106,1000,431,51,84,5103799451626
5712,1000,430,78,75,4166666666667
6352,1000,569,87,89,7150503778337
9491,1000,788,19,83,0460436202718
4436,1000,570,86,128,688007213706
4797,1000,288,89,60,2230560767146
9055,1000,941,53,103,979017117615
7090,1000,513,13,72,3737658674189
5108,1000,351,61,68,835160532498
4757,1000,362,66,76,2371242379651
3197,1000,222,14,69,4838911479512
3036,1000,261,11,86,0046113306983
7121,1000,289,95,40,7175958432804
3627,1000,101,47,27,9762889440309
10048,1000,442,08,43,9968152866242
14643,1000,580,5,39,6435156730178
14651,1000,1022,83,69,8129820490069
4515,1000,224,14,49,6434108527132
4155,1000,337,46,81,2178098676294
6771,1000,474,1,70,0191995273962
10716,1000,447,85,41,7926465098917
13028,1000,841,37,64,5816702486951
8089,1000,511,43,63,2253677834096
18058,1000,1310,7,72,5827887916713
14915,1000,1492,36,100,057660073751
8229,1000,711,44,86,4552193462146
8789,1000,767,23,87,2943452042326
9935,1000,458,04,46,1036738802214
4632,1005,327,1,70,6174438687392
3346,1005,234,15,69,979079497908
3733,1005,282,6,75,7031877846236
3754,1005,314,7,83,8305807139052
8770,1005,942,47,107,465222348917
9006,1005,833,58,92,5582944703531
6043,1005,473,62,78,3749793149098
5067,1005,543,55,107,272547858694
3851,1005,669,18,173,767852505843
3798,1005,388,95,102,40916271722
6490,1010,646,1,99,5531587057011
10220,1010,1286,88,125,917808219178
4666,1010,414,43,88,8191170167167
8814,1010,584,49,66,3138189244384
3560,1010,178,81,50,2275280898876
14910,1010,908,41,60,926224010731
4007,1010,255,7,63,813326678313
5336,1010,211,77,39,6870314842579
9996,1010,1770,71,177,141856742697
17868,1010,1018,76,57,0158943362436
12706,1010,1296,65,102,050212498032
3755,1015,309,49,82,4207723035952
5388,1015,409,74,76,0467706013363
4064,1015,301,11,74,0920275590551
3932,1015,251,56,63,9776195320448
4181,1015,251,66,60,1913417842621
3344,1015,422,47,126,336722488038
7014,1015,460,07,65,5930995152552
6398,1015,387,04,60,4939043451078
6878,1015,385,59,56,0613550450712
4025,1020,425,09,105,612422360248
3774,1020,332,01,87,972972972973
6799,1020,359,11,52,8180614796294
8260,1020,382,76,46,3389830508475
6769,1020,260,09,38,4236962623726
17142,1020,1104,04,64,4055536110139
3093,1020,277,16,89,6087940510831
3155,1025,292,14,92,5958795562599
3807,1025,352,74,92,655634357762
3574,1025,539,47,150,94292109681
3618,1025,535,56,148,026533996683
5167,1025,542,51,104,995161602477
8138,1025,887,51,109,05750798722
4528,1025,605,85,133,800795053004
6745,1025,635,51,94,2194217939214
4439,1025,525,35,118,348727190809
3720,1025,318,77,85,6908602150538
4946,1025,436,68,88,2895268904165
7509,1025,533,67,71,0707151418298
3324,1025,298,13,89,6901323706378
5927,1025,579,16,97,7155390585456
4898,1025,321,62,65,6635361371989
7930,1025,739,84,93,296343001261
6634,1025,605,88,91,3295146216461
6810,1025,462,13,67,8604992657856
7970,1025,620,16,77,8117942283563
3522,1025,412,12,117,013060760931
15097,1025,1608,25,106,527786977545
4739,1025,418,92,88,3983962861363
6931,1025,830,77,119,862934641466
9183,1025,520,36,56,6655776979201
4945,1025,417,09,84,3458038422649
11006,1025,722,48,65,6441940759586
16562,1025,635,92,38,3963289457795
12075,1025,1849,21,153,143685300207
9247,1025,629,78,68,1064128906672
4748,1025,449,35,94,639848357203
5057,1025,327,85,64,8309274273285
19043,1030,2387,56,125,377303996219
5605,1030,482,46,86,0767172167707
9444,1030,571,5,60,5146124523507
5102,1030,258,5,50,6664053312427
5638,1035,628,67,111,505853139411
5273,1035,543,92,103,1519059359
4319,1035,428,15,99,1317434591341
4021,1035,419,9,104,426759512559
11551,1035,768,08,66,4946757856463
7605,1035,1943,02,255,492439184747
3217,1040,509,64,158,420889027044
5940,1040,497,11,83,6885521885522
7729,1040,721,58,93,3600724543926
8718,1040,587,96,67,4420738701537
5481,1040,460,06,83,9372377303412
3660,1045,416,17,113,707650273224
4893,1045,571,24,116,74637236869
9622,1045,935,57,97,2323841197256
9821,1045,954,25,97,1642398941045
6987,1045,734,17,105,076570774295
7512,1045,822,2,109,451544195953
3310,1045,247,48,74,7673716012085
4472,1045,222,21,49,6891771019678
15419,1045,1013,07,65,7027044555418
13889,1045,1055,31,75,9817121463028
9496,1045,462,1,48,6625947767481
6529,1045,751,25,115,063562567009
9826,1050,1174,72,119,552208426623
5819,1050,549,85,94,4921807870768
4435,1050,410,28,92,5095828635851
3212,1050,314,04,97,7708592777086
3125,1050,434,59,139,0688
3167,1050,347,7,109,788443321756
10278,1050,1075,98,104,687682428488
8032,1050,1004,65,125,080926294821
4926,1050,480,07,97,4563540397889
5974,1050,462,79,77,4673585537329
3621,1050,342,36,94,5484672742336
4820,1050,582,49,120,848547717842
4191,1050,597,69,142,61274158912
5262,1050,453,54,86,1915621436716
3344,1050,368,59,110,224282296651
5040,1050,427,98,84,9166666666667
3039,1050,340,9,112,175057584732
5119,1050,485,38,94,8193006446572
8118,1050,809,63,99,7326927814733
4575,1050,448,14,97,9540983606557
4600,1050,554,25,120,489130434783
3038,1050,347,92,114,522712310731
7699,1050,873,27,113,426419015457
4328,1050,376,41,86,970887245841
5390,1050,440,96,81,8107606679035
10011,1050,883,35,88,2379382679053
7138,1050,664,6,93,1073129728215
3766,1050,368,35,97,809346787042
10020,1050,935,07,93,3203592814371
4672,1050,453,3,97,0248287671233
7005,1050,667,87,95,3418986438258
10693,1050,1087,67,101,717946320022
4049,1050,424,72,104,895035811311
7571,1050,750,14,99,0807026812839
5593,1050,679,72,121,530484534239
6667,1050,395,68,59,3490325483726
5244,1050,421,51,80,3794813119756
9679,1050,679,01,70,1529083583015
3627,1050,261,4,72,0705817480011
5145,1050,368,06,71,5374149659864
9592,1050,725,83,75,6703502919099
8061,1050,773,61,95,9694826944548
3918,1050,352,26,89,9081163859112
15661,1050,1488,74,95,060340974395
7838,1050,628,29,80,1594794590457
10912,1050,1299,36,119,076246334311
13227,1050,919,97,69,5524306343086
3659,1050,121,54,33,2167258813884
5359,1055,450,16,84,0007464079119
7156,1055,865,66,120,969815539407
4538,1055,478,105,332745702953
5753,1055,484,16,84,1578306970276
3060,1060,184,07,60,1535947712418
10002,1060,683,1,68,2963407318536
3396,1060,272,77,80,3209658421672
3495,1065,383,34,109,682403433476
8375,1065,586,56,70,0370149253731
12977,1065,1129,56,87,0432303305849
3443,1065,305,58,88,7539936102236
5577,1065,554,75,99,4710417787341
4535,1065,473,73,104,460859977949
3097,1065,331,36,106,993865030675
3804,1070,292,06,76,7770767613039
5245,1070,677,54,129,178265014299
6150,1070,387,54,63,0146341463415
6300,1070,1988,58,315,647619047619
3548,1075,456,11,128,554114994363
8756,1075,737,63,84,2428049337597
14728,1075,1760,07,119,505024443237
7582,1075,810,19,106,857029807439
5039,1075,426,75,84,6894225044652
4623,1075,360,51,77,9818299805321
3070,1075,305,9,99,6416938110749
3085,1075,201,62,65,354943273906
4559,1075,445,15,97,6420267602544
4872,1075,306,09,62,826354679803
8094,1075,923,93,114,149987645169
11366,1075,996,91,87,7098363540384
4278,1075,418,76,97,8868630201029
16037,1075,1435,34,89,5017771403629
4110,1075,371,03,90,2749391727494
6175,1075,752,61,121,88016194332
4646,1075,382,82,2212656048213
3928,1075,530,72,135,112016293279
4625,1075,417,04,90,1708108108108
4978,1075,443,28,89,0478103656087
4957,1075,400,53,80,8008876336494
6902,1075,439,55,63,6844392929586
6177,1075,584,12,94,5637040634612
4859,1075,372,71,76,7050833504836
6645,1075,721,5,108,577878103837
4216,1075,375,27,89,0109108159393
3114,1075,223,46,71,7597944765575
11867,1075,960,72,80,9572764809977
7478,1075,610,09,81,584648301685
9092,1075,982,11,108,019137703476
7914,1075,801,31,101,252211271165
8958,1075,900,78,100,555927662425
5054,1075,618,13,122,305104867432
10590,1075,1063,15,100,391879131256
3658,1075,180,67,49,3903772553308
3979,1075,272,15,68,3965820557929
5249,1075,664,126,500285768718
3778,1075,280,7,74,2985706723134
5611,1075,497,38,88,6437355195152
5140,1075,313,65,61,0214007782101
10120,1075,1153,06,113,938735177866
12031,1075,466,93,38,8105726872247
3370,1075,201,6,59,8219584569733
6663,1075,481,35,72,2422332282756
16925,1075,2039,27,120,488626292467
8298,1075,1003,29,120,90744757773
3360,1075,311,03,92,5684523809524
4384,1075,410,44,93,6222627737226
8671,1075,770,19,88,8236650905316
9496,1075,694,11,73,0949873631003
13363,1080,527,28,39,4582054927786
3198,1080,333,64,104,32770481551
14355,1080,935,7,65,1828631138976
5614,1080,696,7,124,100463127895
12280,1085,1393,59,113,484527687296
3597,1085,414,71,115,293299972199
9641,1085,811,37,84,1582823358573
7562,1085,674,12,89,1457286432161
3613,1085,279,74,77,4259618045945
3215,1085,394,51,122,709175738725
11076,1085,4222,98,381,273022751896
3914,1085,510,98,130,551865099642
10181,1090,1056,14,103,736371672724
5195,1090,461,77,88,8873917228104
3013,1090,351,05,116,511782276801
5175,1090,620,9,119,980676328502
6708,1090,407,49,60,7468694096601
6462,1090,401,61,62,1494893221913
10179,1095,950,57,93,3854013164358
4682,1095,461,03,98,4686031610423
3295,1100,280,75,85,2048558421851
3287,1100,241,74,73,5442652874962
4193,1100,365,62,87,1977104698307
5475,1100,589,32,107,638356164384
18116,1100,2904,12,160,306911017885
12433,1100,1218,42,97,9988739644494
6685,1100,625,51,93,5691847419596
10751,1100,1263,72,117,544414473072
7939,1100,1172,06,147,633203174203
3949,1100,394,4,99,8733856672575
10719,1100,1098,35,102,467580931057
8652,1100,833,93,96,3858067498844
3528,1100,368,72,104,512471655329
5031,1100,917,85,182,438878950507
8120,1100,1002,58,123,470443349754
3332,1100,465,37,139,666866746699
4811,1100,533,78,110,949906464353
3364,1100,413,57,122,939952437574
6157,1100,592,72,96,2676628228033
10733,1100,1234,41,115,010714618466
4518,1100,425,94,0681717574148
8027,1100,676,12,84,23072131556
3398,1100,457,06,134,508534432019
5064,1100,519,28,102,543443917852
6401,1100,639,76,99,9468832994845
8257,1100,682,36,82,6401840862299
4379,1100,580,64,132,596483215346
3114,1100,541,85,174,004495825305
5165,1100,425,16,82,3155856727977
11680,1100,916,58,78,4743150684931
9380,1100,687,45,73,2889125799573
6567,1100,513,55,78,2016141312624
12298,1100,1313,34,106,792974467393
16554,1100,1052,45,63,5767790262172
12889,1100,953,8,74,0010861975328
13104,1100,1312,65,100,171703296703
12762,1100,1574,49,123,373295721674
9540,1100,838,32,87,874213836478
6214,1100,567,82,91,3775345992919
5650,1100,346,91,61,4
5096,1100,365,32,71,6875981161696
7303,1100,624,06,85,4525537450363
11985,1100,886,94,74,0041718815186
10781,1100,776,59,72,0332065671088
6404,1100,604,87,94,4519050593379
13792,1100,718,95,52,1280452436195
12114,1100,794,17,65,5580320290573
11108,1100,1086,7,97,8303925099028
12789,1100,1228,66,96,0716240519196
7353,1100,779,64,106,030191758466
3543,1100,328,07,92,5966694891335
11950,1100,845,44,70,7481171548117
12877,1100,810,78,62,9634231575678
10756,1100,961,26,89,3696541465229
6482,1105,637,11,98,2891082999074
5385,1110,410,9,76,3045496750232
13295,1110,731,71,55,036479879654
3405,1115,246,14,72,287812041116
4460,1115,469,21,105,204035874439
5879,1115,431,72,73,4342575267903
4182,1115,194,86,46,5949306551889
6728,1115,618,66,91,9530321046373
12311,1115,650,61,52,8478596377224
4092,1115,259,3,63,3675464320626
7084,1115,627,69,88,606719367589
3208,1120,415,31,129,46072319202
3755,1125,361,37,96,237017310253
4095,1125,565,62,138,124542124542
4750,1125,636,91,134,086315789474
3686,1125,364,08,98,7737384698861
15199,1125,1777,05,116,918876241858
5641,1125,541,97,96,0769367133487
6902,1125,661,96,95,9084323384526
3765,1125,464,31,123,322709163347
4078,1125,380,18,93,2270720941638
3493,1125,327,8,93,8448325221872
5494,1125,486,33,88,520203858755
3050,1125,241,13,79,0590163934426
3823,1125,369,5,96,651844101491
3354,1125,341,79,101,90518783542
6233,1125,426,45,68,4180972244505
9915,1125,1012,08,102,075642965204
4250,1125,401,68,94,5129411764706
4726,1125,668,15,141,377486246297
3617,1125,313,83,86,7652750898535
10413,1125,1104,89,106,106789589936
5297,1125,656,67,123,970171795356
3512,1125,369,77,105,287585421412
4020,1125,545,85,135,783582089552
5090,1125,633,4,124,440078585462
9336,1125,969,81,103,87853470437
4489,1125,542,09,120,759634662508
4932,1125,584,68,118,548256285483
3838,1125,333,95,87,0114643043252
3317,1125,266,85,80,4492010853181
6436,1125,708,03,110,010876320696
5802,1125,559,46,96,4253705618752
4411,1125,515,58,116,88506007708
3058,1125,224,18,73,3093525179856
4106,1125,383,18,93,321967851924
4969,1125,453,9,91,3463473535923
11740,1125,883,81,75,2819420783646
12962,1125,970,88,74,9020212930103
9353,1125,1170,78,125,176948572651
5288,1125,552,3,104,444024205749
10661,1125,1058,84,99,3190132257762
13115,1125,1483,64,113,125428898208
10309,1125,959,54,93,0778931031138
8194,1125,962,41,117,453014400781
4611,1125,358,88,77,8312730427239
13460,1125,963,88,71,6106983655275
15193,1125,1606,63,105,748041861384
8239,1125,541,95,65,778613909455
6888,1125,475,72,69,0650406504065
8242,1125,706,44,85,7122057752973
6771,1125,486,86,71,9037069856742
8524,1125,528,17,61,9626935710934
5830,1125,415,33,71,2401372212693
6244,1125,569,46,91,2011531069827
14258,1125,1469,98,103,098611305934
7648,1125,2231,97,291,837081589958
13116,1125,914,34,69,711802378774
6456,1125,131,66,20,3934324659232
8705,1125,600,47,68,979896611143
6421,1125,609,33,94,8964335773244
12284,1125,1026,39,83,555030934549
5439,1125,922,76,169,656186799044
17281,1125,1026,46,59,3981829755223
5306,1125,322,41,60,763286845081
7896,1130,949,53,120,254559270517
9910,1130,860,66,86,8476286579213
4263,1130,495,94,116,335913675815
8068,1130,533,59,66,1365889935548
8084,1130,506,84,62,6966848095002
3818,1140,441,29,115,581456259822
15551,1140,1702,31,109,466272265449
6737,1140,629,26,93,4035921033101
3168,1145,300,63,94,8958333333333
9754,1145,1095,14,112,275989337708
6417,1150,604,37,94,1826398628642
4621,1150,515,74,111,607877082882
3075,1150,347,05,112,861788617886
14077,1150,1984,1,140,946224337572
6697,1150,882,12,131,718680005973
6521,1150,754,23,115,661708326944
8513,1150,927,6,108,962762833314
8190,1150,1042,29,127,263736263736
6158,1150,594,23,96,4972393634297
3276,1150,298,98,91,2637362637363
12494,1150,1071,41,85,7539619017128
12890,1150,1030,79,79,9681923972071
4633,1150,535,33,115,547161666307
9431,1150,889,34,94,2996500901283
5578,1150,590,22,105,812119039082
7803,1150,876,95,112,38626169422
5161,1150,497,87,96,4677388103081
6815,1150,416,97,61,1841526045488
6762,1150,662,58,97,9858030168589
3932,1150,403,62,102,6500508647
3677,1150,380,34,103,437584987762
4402,1150,536,32,121,835529304861
5333,1150,764,09,143,275829739359
3600,1150,271,95,75,5416666666667
4495,1150,363,74,80,9210233592881
15802,1150,1560,45,98,7501582078218
3991,1150,349,11,87,4743172137309
3376,1150,259,55,76,8809241706161
3105,1150,259,68,83,6328502415459
3012,1150,163,11,54,1533864541833
4185,1150,336,36,80,3727598566308
9548,1150,733,71,76,8443653121073
10661,1150,893,65,83,8242191164056
12761,1150,1110,13,86,9939659901262
3814,1150,253,08,66,3555322496067
6146,1150,537,68,87,4845427920599
15773,1150,1816,31,115,1531097445
5652,1150,448,97,79,4355980184006
11655,1150,1430,05,122,698412698413
4878,1150,457,54,93,7966379663797
11457,1150,1028,32,89,7547350964476
3417,1150,547,34,160,181445712613
11179,1150,854,47,76,4352804365328
6274,1150,476,04,75,8750398469876
3303,1150,273,75,82,8792007266122
3142,1150,156,94,49,9490770210057
3214,1150,123,94,38,562538892346
6407,1150,236,53,36,9174340565007
8417,1150,1204,42,143,093738861827
12882,1150,1233,72,95,7708430367955
4789,1150,423,62,88,4568803508039
19849,1150,665,47,33,5266260265001
12628,1150,784,3,62,1080139372822
7606,1150,273,57,35,9676571128057
6783,1150,343,76,50,6796402771635
11964,1150,1221,76,102,119692410565
7525,1150,551,41,73,2770764119601
3115,1155,193,44,62,099518459069
4778,1155,467,48,97,8401004604437
4017,1155,252,26,62,7981080408265
17203,1155,851,84,49,5169447189444
16223,1155,721,36,44,4652653639894
11333,1155,902,92,79,6717550516192
3048,1160,156,54,51,3582677165354
8701,1165,1197,79,137,661188369153
3034,1165,314,33,103,602504943968
18087,1165,2191,01,121,137280919998
11065,1165,1020,18,92,1988251242657
11528,1165,1118,12,96,9916724496877
3608,1165,449,37,124,54822616408
6755,1170,612,88,90,7298297557365
4684,1170,360,49,76,9619982920581
16021,1170,2226,79,138,991948068161
10854,1170,558,49,51,4547632209324
10331,1170,830,06,80,3465298615816
18444,1170,1537,69,83,3707438733464
8903,1170,1042,83,117,132427271706
5949,1170,812,22,136,530509329299
4576,1170,297,92,65,1048951048951
8878,1170,1461,53,164,623789141699
14287,1170,1897,21,132,792748652621
5900,1175,525,65,89,093220338983
14204,1175,1510,47,106,341171500986
3441,1175,386,53,112,330717814589
3643,1175,421,16,115,608015371946
5333,1175,491,41,92,1451340708794
3269,1175,375,9,114,989293361884
3328,1175,280,64,84,3269230769231
6271,1175,542,46,86,5029500877053
3385,1175,238,82,70,5524372230428
7451,1175,540,03,72,4775197960005
4303,1175,469,67,109,149430629793
4242,1175,342,58,80,7590759075908
4713,1175,434,02,92,0899639295565
6372,1175,775,07,121,63684871312
3852,1175,417,27,108,32554517134
10398,1175,838,55,80,6453164070013
6067,1175,575,81,94,9085215098071
4110,1175,605,74,147,38199513382
3312,1175,266,11,80,3472222222222
4459,1175,388,81,87,1966808701503
4370,1175,401,98,91,9862700228833
4758,1175,424,06,89,1256830601093
3534,1175,283,80,0792303338993
6346,1175,615,86,97,0469587141506
6873,1175,765,52,111,380765313546
10161,1175,1097,69,108,029721484106
11277,1175,1230,28,109,0963908841
9225,1175,804,28,87,1848238482385
16794,1175,2113,39,125,841967369299
13782,1175,1198,94,86,9931795095052
7857,1175,722,74,91,9867633956981
10875,1175,1138,97,104,732873563218
7686,1175,856,57,111,445485297944
9454,1175,913,74,96,6511529511318
8578,1175,839,04,97,813010025647
5323,1175,498,56,93,6614690963742
3883,1175,488,83,125,889775946433
9491,1175,716,91,75,5357707301654
17364,1175,1601,5,92,2310527528219
5443,1175,520,64,95,6531324637149
5575,1175,464,69,83,352466367713
16644,1175,1659,6,99,7116077865898
8051,1175,621,22,77,1606011675568
13666,1175,691,32,50,5868578955071
7107,1175,538,14,75,7197129590545
8983,1175,807,44,89,8853389736168
7733,1175,266,17,34,4200181042286
3648,1175,336,23,92,1683114035088
5377,1175,269,09,50,0446345545843
14078,1175,1273,42,90,4546100298338
6882,1175,508,13,73,8346410927056
8398,1175,714,71,85,1047868540129
6543,1185,1331,7,203,530490600642
18935,1185,1457,35,76,9659360971745
12372,1190,1075,52,86,9317814419657
8546,1190,1150,7,134,647788439036
6430,1190,678,63,105,541213063764
11884,1195,535,53,45,0631100639515
13978,1195,967,77,69,2352267849478
3553,1200,257,08,72,3557556994089
3615,1200,435,4,120,442600276625
9136,1200,1024,13,112,098292469352
3864,1200,467,93,121,099896480331
3161,1200,252,25,79,8006959822841
4150,1200,633,46,152,640963855422
14129,1200,1763,36,124,804303206172
12551,1200,1737,47,138,432794199665
9274,1200,1173,42,126,527927539357
6837,1200,822,16,120,251572327044
5632,1200,604,13,107,267400568182
6089,1200,511,99,84,0844145179832
8231,1200,745,89,90,6196087960151
4235,1200,418,36,98,7863046044864
4401,1200,511,06,116,123608270848
14243,1200,1293,75,90,8340939408832
12519,1200,1430,81,114,291077562106
6914,1200,680,72,98,4553080705814
6846,1200,752,11,109,861232836693
3713,1200,260,32,70,1104228386749
5026,1200,621,69,123,694787107043
3347,1200,344,46,102,916044218703
6574,1200,830,03,126,259507149376
6091,1200,647,24,106,261697586603
7449,1200,953,69,128,029265673245
5664,1200,702,58,124,043079096045
8314,1200,920,9,110,7649747414
8668,1200,843,38,97,2981079833872
4429,1200,429,65,97,0083540302551
7128,1200,686,56,96,3187429854097
5792,1200,421,87,72,8366712707182
4766,1200,370,13,77,6605119597146
4900,1200,382,42,78,0448979591837
17886,1200,1617,44,90,4305043050431
5802,1200,671,92,115,808341951051
4326,1200,348,05,80,4553860379103
3149,1200,412,13,130,876468720229
3092,1200,367,86,118,971539456662
7107,1200,596,03,83,8652033206698
4156,1200,389,03,93,606833493744
8587,1200,670,07,78,033073250262
7735,1200,1119,54,144,736910148675
15933,1200,560,43,35,1741668235737
3350,1200,729,38,217,725373134328
15275,1200,1452,48,95,0887070376432
15788,1200,844,81,53,5096275652394
11204,1200,1472,32,131,410210639057
3525,1200,296,92,84,2326241134752
13329,1200,918,12,68,8813864505964
9444,1200,427,21,45,2361287590004
3855,1200,205,32,53,2607003891051
7821,1210,906,89,115,955760132975
3146,1210,332,53,105,699300699301
3500,1210,377,26,107,788571428571
3513,1210,336,42,95,7643040136635
14572,1215,1188,34,81,5495470765852
10531,1225,853,93,81,0872661665559
4472,1225,327,5,73,2334525939177
7671,1225,713,7,93,0387172467736
3637,1225,349,56,96,1121803684355
3743,1225,545,57,145,757413839166
4824,1225,593,21,122,97056384743
5111,1225,612,62,119,86304050088
3230,1225,341,85,105,835913312694
6758,1225,671,46,99,3577981651376
12499,1225,1217,02,97,3693895511641
8922,1225,830,1,93,039677202421
5211,1225,553,21,106,161965073882
4802,1225,482,83,100,54768846314
10749,1225,744,77,69,2873755698205
8728,1225,785,89,90,0423923006416
4568,1225,499,31,109,306042031524
3637,1225,260,04,71,4984877646412
8908,1225,856,2,96,1158509205209
4993,1225,424,79,85,0771079511316
4015,1225,390,78,97,3300124533001
3808,1225,305,93,80,3387605042017
3031,1225,192,94,63,6555592213791
6076,1225,403,17,66,3545095457538
9884,1225,954,49,96,5692027519223
4721,1225,323,93,68,6147002753654
3386,1225,275,96,81,5002953337271
6574,1225,744,78,113,291755400061
9415,1225,826,36,87,7705788635157
7353,1225,606,26,82,4507003943968
8075,1225,669,92,82,9622291021672
5767,1225,485,8,84,2379053233917
4393,1225,348,76,79,3899385385841
3642,1225,275,72,75,7056562328391
3379,1225,274,63,81,2755253033442
4018,1225,304,82,75,8636137381782
3306,1225,372,33,112,622504537205
3674,1225,385,73,104,989112683723
9462,1225,1005,57,106,274571972099
11983,1225,1023,67,85,4268547108404
3004,1225,284,79,94,8035952063915
4601,1225,472,27,102,64507715714
8414,1225,661,86,78,6617542191585
3624,1225,287,27,79,2687637969095
5218,1225,642,63,123,156381755462
4103,1225,366,42,89,3053863027053
6500,1225,540,87,83,2107692307692
10455,1225,752,69,71,9933046389287
16343,1225,1938,9,118,637948968978
8336,1225,779,47,93,5064779270633
7909,1225,767,98,97,1020356555822
7666,1235,388,5,50,6783198539003
9897,1235,666,05,67,2981711629787
12397,1235,375,06,30,2540937323546
7832,1235,505,65,64,5620531154239
5868,1235,188,82,32,1779141104295
6304,1250,660,42,104,762055837563
5610,1250,682,96,121,739750445633
5056,1250,704,17,139,274129746835
12477,1250,1363,95,109,317143544121
5514,1250,426,94,77,4283641639463
3072,1250,180,17,58,6490885416667
4510,1250,381,53,84,5964523281597
6133,1250,641,23,104,554051850644
10969,1250,1351,52,123,212690309053
6384,1250,689,17,107,952694235589
5985,1250,651,49,108,853801169591
5796,1250,631,02,108,871635610766
7286,1250,875,45,120,155091957178
7171,1250,549,3,76,6001952307907
3567,1250,554,95,155,578917858144
3644,1250,331,55,90,9851811196487
12198,1250,1105,54,90,6328906378095
18518,1250,1602,9,86,5590236526623
3114,1250,321,34,103,192035966602
5470,1250,391,41,71,5557586837294
15300,1250,1685,44,110,159477124183
14974,1250,1371,72,91,6067850941632
10063,1250,801,12,79,6104541389248
8458,1250,769,09,90,930480018917
4153,1250,384,64,92,617385022875
15399,1250,1755,03,113,970387687512
15492,1250,1784,94,115,216886134779
3711,1250,187,66,50,5685798976017
3160,1250,222,65,70,4588607594937
13160,1250,1558,79,118,449088145897
14680,1250,1376,52,93,7683923705722
11488,1250,1093,26,95,1653899721448
4147,1250,397,92,95,9537014709429
6229,1250,578,02,92,7949911703323
3449,1250,292,33,84,7579008408234
8898,1250,790,98,88,894133513149
13307,1250,1483,46,111,479672352897
9150,1250,974,27,106,477595628415
10144,1250,1070,76,105,555993690852
15425,1250,1571,94,101,908589951378
13872,1250,948,91,68,4047001153402
11506,1250,886,52,77,0484964366418
12107,1250,1233,59,101,890641777484
15726,1250,1599,79,101,728983848404
14608,1250,1076,32,73,6801752464403
13307,1250,1295,36,97,3442549034343
6066,1250,648,89,106,97164523574
4638,1250,431,8,93,100474342389
7966,1250,602,03,75,5749435099171
4702,1250,293,24,62,3649510846448
4042,1250,337,01,83,3770410687778
5089,1250,397,67,78,1430536451169
13384,1250,1210,89,90,4729527794381
11092,1250,980,7,88,4150739271547
13200,1250,914,88,69,3090909090909
8488,1250,781,39,92,0581998114986
10105,1250,1055,71,104,474022761009
10064,1250,511,81,50,8555246422893
16219,1250,2622,32,161,681977927123
12163,1250,416,78,34,2662172161473
5798,1250,521,4,89,9275612280097
7627,1250,471,57,61,8290284515537
3543,1250,266,9,75,3316398532317
9338,1250,747,13,80,0096380381238
6935,1250,327,29,47,1939437635184
4646,1250,242,72,52,2427894963409
9361,1275,1200,04,128,19570558701
3443,1275,304,73,88,5071158873076
5631,1275,739,93,131,402947966613
5114,1275,545,05,106,579976535002
6569,1275,721,88,109,891916577866
6209,1275,555,62,89,486229666613
5037,1275,682,46,135,489378598372
3078,1275,386,17,125,461338531514
8259,1275,944,88,114,406102433709
6504,1275,728,38,111,989544895449
7977,1275,966,01,121,099410806067
12487,1275,1569,79,125,7139425002
4492,1275,524,49,116,760908281389
11553,1275,1156,33,100,089154332208
13725,1275,1311,41,95,5489981785064
19781,1275,1977,69,99,9792730397857
3846,1275,384,69,100,023400936037
6262,1275,741,08,118,345576493133
12053,1275,1348,78,111,904090267983
6132,1275,478,66,78,0593607305936
7634,1275,408,13,53,4621430442756
6709,1275,619,76,92,3774034878521
8638,1275,647,14,74,9178050474647
10725,1275,874,11,81,5020979020979
5652,1275,329,99,58,3846426043878
7659,1275,539,78,70,4765635200418
11362,1275,1342,01,118,11388839993
9480,1275,595,53,62,8196202531645
14556,1275,1739,72,119,519098653476
3240,1275,259,94,80,2283950617284
10719,1275,911,57,85,0424479895512
15577,1275,1601,77,102,829171213969
5854,1275,647,69,110,640587632388
8314,1275,717,64,86,3170555689199
7887,1275,267,78,33,9520730315709
8021,1275,812,07,101,242987158708
10733,1275,1275,36,118,826050498463
6449,1275,608,6,94,3712203442394
15698,1275,873,79,55,6625047776787
6940,1275,335,54,48,3487031700288
6073,1275,196,45,32,3480981393051
9496,1275,371,15,39,0848778433024
11794,1275,1021,21,86,5872477530948
4719,1275,639,31,135,475736384827
4959,1275,525,4,105,948779995967
9337,1275,802,12,85,9076791260576
6331,1300,667,74,105,47148949613
11827,1300,1414,48,119,597531072969
8521,1300,840,49,98,6374838633963
10127,1300,1034,37,102,13982423225
6875,1300,670,52,97,5301818181818
5148,1300,514,61,99,9630924630925
9447,1300,1234,34,130,659468614375
3622,1300,271,67,75,0055218111541
7615,1300,783,28,102,86014445174
8361,1300,579,63,69,3254395407248
5396,1300,585,06,108,424759080801
6360,1300,574,52,90,3333333333333
5795,1300,670,15,115,642795513374
8677,1300,1034,54,119,22784372479
5536,1300,433,2,78,2514450867052
6210,1300,852,97,137,354267310789
10242,1300,1574,74,153,753173208358
6629,1300,725,9,109,503695881732
7392,1300,694,02,93,887987012987
12278,1300,1141,76,92,9923440299723
8327,1300,985,73,118,377566950883
5834,1300,645,57,110,656496400411
9585,1300,949,86,99,0985915492958
8137,1300,937,52,115,216910409242
6938,1300,577,79,83,2790429518593
15857,1300,2025,45,127,732231821908
3399,1300,272,43,80,1500441306266
6319,1300,508,5,80,4715936065833
8183,1300,626,91,76,6112672613956
3571,1300,337,12,94,404928591431
12891,1300,966,85,75,0019393375223
6783,1300,475,11,70,0442282176028
9127,1300,973,67,106,680179686644
12720,1300,959,04,75,3962264150943
5055,1300,276,54,5994065281899
6847,1300,736,15,107,514239813057
4614,1300,405,07,87,791504117902
12865,1300,1082,87,84,1717839098329
3309,1300,386,37,116,763372620127
4591,1300,369,73,80,5336527989545
7189,1300,655,16,91,1336764501321
6812,1300,566,14,83,1092190252496
3303,1300,214,01,64,792612776264
3147,1300,280,56,89,1515729265967
6312,1300,433,03,68,6042458808619
19223,1300,1837,2,95,5730114966446
9120,1300,628,59,68,9243421052632
5609,1300,517,42,92,2481725797825
8022,1300,717,78,89,4764397905759
8553,1300,1153,33,134,845083596399
15227,1300,1201,59,78,9118014053983
4476,1300,595,48,133,038427167113
3316,1300,403,88,121,797346200241
8761,1300,819,84,93,578358634859
9096,1300,630,07,69,26890941073
7006,1300,610,13,87,0867827576363
4627,1300,462,51,99,958936676032
4117,1300,213,25,51,7974253096915
18262,1300,1315,37,72,0277078085642
5084,1300,1177,53,231,61487018096
19851,1300,1379,25,69,4801269457458
8489,1325,934,15,110,042407821887
9695,1325,1037,78,107,042805569881
12293,1325,1364,77,111,020092735703
8393,1325,894,54,106,581675205528
5758,1325,758,19,131,675929142063
5507,1325,484,58,87,993462865444
5001,1325,517,4,103,459308138372
10640,1325,757,65,71,2077067669173
3152,1325,258,03,81,86230964467
13507,1325,1069,32,79,167838898349
6504,1325,589,81,90,6841943419434
11708,1325,791,78,67,6272634096344
13714,1325,1160,95,84,6543677993292
8160,1325,675,68,82,8039215686275
4161,1325,1823,73,438,291276135544
14150,1325,1000,03,70,6734982332155
14649,1325,955,17,65,2037681753021
5530,1325,434,63,78,5949367088608
5337,1325,304,03,56,9664605583661
12237,1325,1363,89,111,456239274332
17449,1325,1659,63,95,1131870021205
4582,1325,430,13,93,8738542121344
7105,1325,535,75,2990851513019
12002,1325,1655,49,137,934510914848
8866,1325,1300,43,146,676065869614
4610,1325,428,27,92,9002169197397
8788,1325,743,63,84,6187983614019
12661,1325,1853,24,146,373904114999
7521,1325,815,7,108,456322297567
8746,1325,663,59,75,8735421907158
4468,1325,334,32,74,8254252461952
8795,1325,679,73,77,2859579306424
11109,1325,861,12,77,5155279503106
8192,1325,966,35,117,962646484375
15789,1325,1593,61,100,931661283172
4554,1325,349,94,76,8423364075538
4030,1325,217,84,54,0545905707196
15580,1325,714,65,45,8697047496791
12976,1325,643,63,49,6015721331689
11428,1325,1081,22,94,6114805740287
10951,1325,1012,32,92,4408729796366
16554,1325,1524,49,92,091941524707
13231,1325,874,35,66,0834404051092
11262,1325,1859,06,165,073699165335
10999,1325,905,25,82,3029366306028
4134,1325,374,96,90,7014997581035
4219,1350,422,72,100,194358852809
4382,1350,445,59,101,686444545869
14503,1350,1251,13,86,2669792456733
5254,1350,483,29,91,9851541682528
8324,1350,1043,64,125,377222489188
4002,1350,392,97,9510244877561
7405,1350,631,04,85,2180958811614
3294,1350,482,26,146,405585913783
3233,1350,234,1,72,4095267553356
4085,1350,540,21,132,2423500612
9555,1350,1117,79,116,98482469911
4371,1350,255,61,58,4786090139556
6186,1350,734,53,118,740704817329
16109,1350,1778,36,110,395431125458
4704,1350,452,06,96,1011904761905
8671,1350,1159,63,133,736593241841
7147,1350,701,85,98,2020428151672
8668,1350,729,7,84,1832025842178
8018,1350,733,54,91,4866550261911
3192,1350,454,13,142,271303258145
5139,1350,633,86,123,343062852695
4150,1350,472,11,113,761445783133
3808,1350,417,05,109,519432773109
4296,1350,449,83,104,709031657356
16756,1350,1953,58,116,589878252566
5523,1350,502,34,90,9541915625566
8929,1350,902,92,101,122186135066
5868,1350,520,01,88,6179277436946
3681,1350,554,84,150,730779679435
10224,1350,709,05,69,3515258215962
8422,1350,1141,36,135,521253858941
7051,1350,651,69,92,4251879166076
8906,1350,703,49,78,9905681562991
7147,1350,613,95,85,9031761578285
3373,1350,353,07,104,67536317818
4257,1350,213,3,50,1057082452431
7596,1350,873,88,115,044760400211
11584,1350,1001,14,86,4243784530387
16398,1350,1362,84,83,1101353823637
6237,1350,443,79,71,1544011544012
6962,1350,522,73,75,0833093938524
3048,1350,383,4,125,787401574803
12711,1350,1694,57,133,31523876957
18258,1350,1582,6,86,6798115894402
12843,1350,1102,36,85,8335279919022
4449,1350,256,95,57,7545515846258
7219,1350,590,22,81,759246433024
5304,1350,435,88,82,1794871794872
6377,1350,725,57,113,779206523444
15416,1350,1213,3,78,7039439543332
4231,1350,318,75,75,3367998109194
6031,1350,490,03,81,2518653622948
11287,1350,1345,32,119,19199078586
11487,1350,921,46,80,2176373291547
9792,1350,516,58,52,7553104575163
8333,1375,797,17,95,6642265690628
10183,1375,989,75,97,1963075714426
3222,1375,220,54,68,4481688392303
3752,1375,236,27,62,9717484008529
16928,1375,1737,97,102,668360113422
9327,1375,1248,92,133,903720381688
6878,1375,886,3,128,860133759814
3710,1375,493,17,132,929919137466
8604,1375,972,65,113,046257554626
11923,1375,1261,06,105,767004948419
7717,1375,628,2,81,4046909420759
8381,1375,535,19,63,8575349003699
10268,1375,1081,78,105,35449941566
8983,1375,822,74,91,5885561616386
13005,1375,1218,63,93,7047289504037
14943,1375,1599,06,107,010640433648
8963,1375,801,5,89,4231842017182
6389,1375,372,84,58,356550320864
7289,1375,573,02,78,6143503910001
18781,1375,1807,83,96,25845269155
5618,1375,506,78,90,2064791740833
8789,1375,736,55,83,8036181590625
10794,1375,780,69,72,3262923846582
18543,1375,2034,39,109,712020708623
12936,1375,902,07,69,7333024118739
7403,1375,603,05,81,460218830204
14799,1375,1198,69,80,9980404081357
3524,1375,253,48,71,9296254256527
15889,1375,819,32,51,5652338095538
3663,1375,121,04,33,043953043953
7815,1375,459,15,58,7523992322457
8594,1375,568,87,66,1938561787293
6401,1375,522,87,81,6856741134198
3221,1375,273,31,84,8525302701024
4118,1400,389,47,94,5774647887324
4078,1400,219,4,53,8008827856792
4623,1400,209,21,45,2541639627947
3654,1400,408,27,111,732348111658
11481,1400,1296,37,112,914380280463
9711,1400,875,21,90,1256307280404
9061,1400,809,95,89,3885884560203
4277,1400,346,83,81,0918868365677
17603,1400,1733,2,98,4604896892575
8000,1400,1027,67,128,45875
9890,1400,1017,46,102,877654196158
7965,1400,403,45,50,6528562460766
13184,1400,828,09,62,8102245145631
7156,1400,430,6,60,1732811626607
8240,1400,617,28,74,9126213592233
5562,1400,252,81,45,453074433657
8026,1400,746,24,92,9778220782457
4218,1400,397,5,94,2389758179232
8516,1400,1064,11,124,954203851573
3367,1400,280,83,83,4065934065934
9045,1400,1136,04,125,598673300166
15753,1400,1422,28,90,2862946740303
9535,1400,967,32,101,449396958574
6272,1400,569,51,90,8019770408163
9881,1400,783,35,79,2784131160814
7398,1400,517,19,69,9094349824277
7698,1400,623,7,81,0210444271239
8553,1400,912,4,106,676020109903
5030,1400,488,66,97,1491053677932
8124,1400,1047,95,128,994337764648
11607,1400,1171,16,100,901180322219
3692,1400,248,2,67,2264355362947
18344,1400,1637,64,89,2738770170083
19169,1400,522,07,27,2351192028796
14906,1400,921,55,61,8240976787871
10228,1425,1184,99,115,857450136879
3813,1425,335,53,87,9963283503803
5601,1425,584,42,104,342081771112
5011,1425,519,4,103,651965675514
3442,1425,322,5,93,6955258570599
4968,1425,304,94,61,3808373590982
8510,1425,1031,49,121,209165687427
4352,1425,572,41,131,528033088235
13163,1425,1170,64,88,9341335561802
3202,1425,372,93,116,467832604622
9043,1425,908,68,100,484352537875
7485,1425,854,71,114,189712758851
11321,1425,1035,44,91,4618849924918
6047,1425,418,65,69,2326773606747
10130,1425,837,32,82,6574531095755
10515,1425,1031,1,98,0599144079886
6111,1425,581,84,95,2119129438717
3283,1425,268,32,81,7301248857752
13981,1425,1507,67,107,837064587655
10183,1425,886,64,87,0706078758715
11158,1425,1033,28,92,6044093923642
17270,1425,1732,49,100,317892298784
4516,1425,558,13,123,589459698849
6806,1425,711,16,104,490155744931
4366,1425,274,69,62,915712322492
4791,1425,446,32,93,1580045919432
16529,1425,1809,18,109,454897452961
18468,1425,1402,64,75,9497509205111
16543,1425,742,93,44,9090249652421
6597,1425,909,9,137,926330150068
16027,1425,1619,1,101,02327322643
11899,1425,1102,18,92,6279519287335
10271,1425,767,87,74,7609775094928
12076,1425,1013,59,83,9342497515734
17457,1425,1605,39,91,9625365183021
16836,1425,1461,24,86,7925873129009
6418,1425,1066,91,166,237145528202
7685,1450,808,25,105,172413793103
5474,1450,493,02,90,0657654366094
5482,1450,386,48,70,499817584823
3331,1450,171,03,51,3449414590213
8274,1450,971,47,117,41237611796
17492,1450,1674,83,95,7483420992454
13339,1450,1780,02,133,444785965964
10993,1450,1256,84,114,330937869553
4884,1450,708,27,145,018427518428
3556,1450,439,08,123,47581552306
3290,1450,376,21,114,349544072948
4704,1450,513,43,109,147534013605
6301,1450,617,69,98,0304713537534
14661,1450,1770,17,120,740058659027
4742,1450,504,62,106,415014761704
13346,1450,1114,62,83,5171586992357
7504,1450,956,21,127,42670575693
3088,1450,331,81,107,451424870466
15746,1450,1607,13,102,065921503874
11356,1450,1360,02,119,762240225431
11326,1450,1068,02,94,2980752251457
6952,1450,712,64,102,508630609896
12802,1450,1278,76,99,8875175753789
7599,1450,693,45,91,255428345835
10476,1450,1092,38,104,274532264223
6110,1450,517,73,84,734860883797
5983,1450,519,39,86,8109643991309
4577,1450,522,98,114,262617435001
4797,1450,530,77,110,646237231603
19689,1450,1632,58,82,9183808217786
8872,1450,711,39,80,1837240757439
3271,1450,370,62,113,304799755426
3728,1450,358,49,96,1614806866953
19167,1450,1523,92,79,5074868263161
5808,1450,743,11,127,945936639118
19401,1450,2141,1,110,360290706665
14636,1450,2027,77,138,54673408035
9424,1450,1096,33,116,33382852292
4429,1475,441,02,99,5755249491985
11780,1475,1321,08,112,146010186757
3011,1475,221,49,73,560278977084
8808,1475,915,08,103,8919164396
9282,1475,999,6,107,692307692308
3415,1475,625,04,183,027818448023
5897,1475,660,82,112,060369679498
10717,1475,792,48,73,9460669963609
17585,1475,1606,07,91,3318168893944
9351,1475,775,24,82,9045021922789
6587,1475,536,61,81,4650068316381
4301,1475,329,85,76,6914671006743
13201,1475,1914,29,145,010984016362
9025,1475,903,24,100,081994459834
11154,1475,1218,23,109,219114219114
10984,1475,1114,47,101,463037144938
11806,1475,749,17,63,4567169235982
15515,1475,1391,44,89,6835320657428
9093,1475,499,63,54,9466622676784
12497,1475,511,21,40,9066175882212
13859,1475,1315,05,94,8877985424634
17685,1475,1874,18,105,975685609273
15449,1500,1871,05,121,111398796039
10580,1500,1242,09,117,399810964083
17433,1500,2075,85,119,075890552401
9837,1500,1260,73,128,162041272746
4633,1500,418,43,90,3151305849342
8016,1500,1026,9,128,10628742515
7161,1500,661,6,92,3893310990085
4366,1500,444,01,101,697205680257
13132,1500,1127,51,85,8597319524825
4915,1500,809,09,164,616480162767
9456,1500,954,36,100,926395939086
6639,1500,486,68,73,306220816388
8221,1500,696,26,84,6928597494222
4085,1500,501,7,122,81517747858
17558,1500,2651,78,151,02973003759
18965,1500,1829,93,96,4898497231743
8867,1500,880,38,99,2872448404195
15877,1500,1584,93,99,8255337910185
9265,1500,1035,16,111,728008634646
6511,1500,670,49,102,97803716787
10384,1500,960,91,92,5375577812018
13598,1500,1380,51,101,523018090896
4369,1500,602,93,138,001831082628
8462,1500,1032,121,9569841645
3499,1500,508,22,145,247213489568
7118,1500,727,22,102,16633885923
8984,1500,803,31,89,4156277827249
9290,1500,625,63,67,3444564047363
18117,1500,1435,57,79,2388364519512
19555,1500,2170,96,111,018153924827
5056,1500,270,45,53,4909018987342
11635,1500,799,17,68,6867211001289
8683,1500,920,97,106,065875849361
4264,1500,1101,08,258,227016885553
7539,1500,829,99,110,092850510678
5883,1525,771,59,131,155872853986
3865,1525,284,89,73,7102199223803
4695,1525,470,3,100,170394036209
10694,1525,1014,86,94,8999438937722
8459,1525,808,97,95,634235725263
3581,1525,482,11,134,629991622452
11165,1525,1201,03,107,570980743395
12534,1525,936,56,74,72155736397
7656,1525,911,24,119,022988505747
12981,1525,1408,66,108,517063400354
8097,1525,964,56,119,125602074843
9835,1525,939,59,95,5353329944077
7883,1525,646,98,82,0728149181784
6307,1525,431,55,68,4239733629301
11689,1525,332,55,28,449824621439
7212,1550,658,9,91,3616195230172
5535,1550,486,43,87,8825654923216
10862,1550,1054,4,97,0723623642055
4402,1550,884,16,200,854157201272
3071,1550,517,22,168,420709866493
3671,1550,630,19,171,667120675565
15623,1550,1680,07,107,538244895347
11352,1550,851,04,74,9682875264271
4010,1550,516,14,128,713216957606
4785,1550,859,14,179,548589341693
4417,1550,689,56,156,11501018791
14941,1550,1828,11,122,355264038552
15975,1550,1954,69,122,3593114241
17242,1550,1838,39,106,622781579863
11093,1550,1011,69,91,2007572342919
7649,1550,816,99,106,810040528174
14858,1550,1462,54,98,4345133934581
7023,1550,854,87,121,724334330058
14661,1550,1304,69,88,9905190641839
9750,1550,1100,26,112,847179487179
17950,1550,1600,18,89,1465181058496
8566,1550,956,31,111,64020546346
12538,1550,1559,83,124,408199074813
13052,1550,1021,28,78,2470119521912
13772,1550,1297,16,94,188207958176
10044,1550,880,24,87,6383910792513
4305,1550,518,12,120,353077816492
3861,1550,268,26,69,4794094794095
19118,1550,1188,58,62,1707291557694
5843,1550,573,03,98,0711963032689
6469,1575,765,8,118,379965991653
8487,1575,827,97,4431483445269
3672,1575,635,64,173,104575163399
6649,1575,680,6,102,36125733193
4206,1575,535,1,127,223014740846
16651,1575,1573,25,94,4838147858987
11738,1575,1099,1,93,6360538422218
10638,1575,1013,75,95,2951682647114
11205,1575,1010,97,90,2248995983936
15630,1575,1721,88,110,165067178503
6358,1575,738,95,116,223655237496
11910,1575,895,85,75,2183039462636
18282,1575,1214,09,66,4090362104803
6882,1575,414,06,60,1656495204882
13434,1575,1837,79,136,801399434271
19404,1575,2110,76,108,779633065347
5288,1575,853,93,161,484493192133
14043,1600,1419,16,101,058178451898
7267,1600,797,93,109,801843952112
5374,1600,857,42,159,549683662077
5879,1600,591,37,100,590236434768
6446,1600,758,49,117,668321439652
13183,1600,1437,27,109,024501251612
6764,1600,887,14,131,156120638675
9891,1600,784,65,79,3296936609039
12200,1600,1517,51,124,38606557377
7021,1600,757,98,107,95898020225
10764,1600,1172,36,108,914901523597
10608,1600,785,11,74,0111236802413
11742,1600,962,77,81,9936978368251
16370,1600,1906,01,116,433109346365
3716,1600,352,32,94,8116254036599
14913,1600,720,49,48,3128813786629
16798,1600,1422,62,84,6898440290511
5343,1600,816,45,152,807411566536
9148,1600,1598,2,174,704853519895
11024,1600,1231,12,111,676342525399
13834,1625,1923,59,139,047997686858
18212,1625,1817,46,99,7946408961125
16214,1625,2040,97,125,877019859381
8208,1625,637,36,77,6510721247563
17749,1625,2171,91,122,368020733562
3809,1625,464,32,121,900761354686
4627,1625,543,21,117,400043224552
9881,1625,1221,93,123,664608845259
16439,1625,1593,23,96,9176957235842
5255,1625,829,76,157,899143672693
3933,1625,901,68,229,260106788711
15090,1625,1533,05,101,593770709079
16799,1625,1939,94,115,479492826954
5711,1625,687,52,120,385221502364
4597,1625,507,46,110,389384381118
10884,1625,1061,2,97,5009187798603
6293,1625,632,96,100,581598601621
9696,1625,1073,28,110,693069306931
13386,1625,1019,64,76,1721201255043
6268,1625,518,19,82,6723037651563
14821,1625,919,78,62,0592402671884
12910,1625,1055,99,81,7962819519752
16347,1650,2014,93,123,259925368569
4410,1650,449,87,102,011337868481
9060,1650,1121,61,123,798013245033
5844,1650,797,88,136,52977412731
7596,1650,706,1,92,9568193786203
15546,1650,1354,74,87,1439598610575
4733,1650,559,37,118,185083456581
8766,1650,1126,23,128,477070499658
6555,1650,1028,41,156,88939740656
4126,1650,429,19,104,020843431895
6161,1650,801,25,130,051939620192
14574,1650,1272,63,87,3219431864965
9943,1650,936,83,94,2200543095645
12869,1650,1090,71,84,7548372056881
3739,1650,478,24,127,905857181064
15960,1650,1178,59,73,8464912280702
5911,1650,735,58,124,442564709863
6833,1650,417,04,61,0332211327382
3020,1650,369,84,122,46357615894
5983,1650,770,6,128,798261741601
4509,1650,319,53,70,8649367930805
6729,1675,546,8,81,2602169713182
12599,1675,1379,51,109,493610604016
3930,1675,314,85,80,1145038167939
7086,1675,861,93,121,638441998307
14984,1675,1659,52,110,752802989856
8585,1675,739,75,86,1677344205009
19131,1675,1879,15,98,2253933406513
19937,1675,1951,52,97,8843356573206
6451,1675,795,3,123,283211905131
11161,1675,882,2,79,0430964967297
3387,1675,536,57,158,420431059935
7370,1675,913,62,123,964721845319
15442,1675,1725,18,111,719984457972
4470,1675,484,01,108,279642058166
9171,1675,942,04,102,71944171846
11227,1675,1163,31,103,617172886791
10219,1675,1194,98,116,937077991976
14730,1675,1907,17,129,475220638153
7153,1675,715,22,99,9888158814484
7225,1675,631,21,87,3647058823529
18184,1675,1931,15,106,200505939287
7760,1675,844,12,108,778350515464
8615,1675,612,9,71,1433546140453
12741,1675,2926,27,229,67349501609
5020,1675,537,6,107,091633466135
8973,1700,1085,14,120,93391284966
12648,1700,1105,75,87,4248893105629
4058,1700,343,55,84,6599310004928
3035,1700,389,76,128,421746293245
6472,1700,1081,46,167,09826946848
11930,1700,1408,13,118,032690695725
9462,1700,1493,85,157,87888395688
7920,1700,817,76,103,252525252525
7311,1700,778,32,106,45876077144
3976,1700,406,56,102,253521126761
6630,1700,753,37,113,630467571644
14663,1700,1563,7,106,642569733342
9797,1700,1203,03,122,795753802184
5455,1700,768,38,140,857928505958
7594,1700,1005,76,132,441401106136
7400,1700,1107,16,149,616216216216
10784,1700,1403,68,130,163204747774
11820,1700,1494,6,126,446700507614
7454,1700,708,68,95,0737858867722
19877,1700,2080,61,104,674246616693
18857,1700,1924,24,102,043803362147
15319,1700,1633,22,106,614008747307
4775,1700,411,42,86,1612565445026
9318,1700,1014,86,108,913930027903
17390,1700,1535,9,88,3208740655549
5832,1700,911,69,156,325445816187
8658,1700,1224,19,141,394086394086
13102,1700,1123,71,85,7662952221035
5711,1700,1245,22,218,038872351602
12275,1725,1521,26,123,931568228106
7118,1725,1155,33,162,311042427648
8543,1725,1187,53,139,006203909634
3353,1725,1129,69,336,919176856546
11222,1725,1089,43,97,0798431652112
6573,1725,492,92,74,9916324357219
19198,1725,1875,34,97,6841337639337
6326,1725,970,26,153,376541258299
5123,1725,647,03,126,299043529182
13370,1725,1911,26,142,951383694839
6067,1725,990,51,163,261908686336
11524,1725,1620,98,140,661228740021
14765,1725,1627,51,110,227565187944
17464,1750,1933,76,110,728355474118
9052,1750,1055,26,116,577551922227
6803,1750,571,57,84,0173452888432
6902,1750,610,55,88,4598667053028
4842,1750,391,64,80,883932259397
18763,1750,2648,15,141,136811810478
14152,1750,2094,52,148,001695873375
4119,1750,588,92,142,976450594805
6731,1750,989,11,146,948447481801
13345,1750,1497,79,112,236043461971
6565,1750,790,69,120,440213252094
7881,1750,894,04,113,442456541048
15483,1750,1468,09,94,8194794290512
14501,1750,1286,25,88,700779256603
4697,1750,232,01,49,395358739621
4831,1775,620,82,128,507555371559
13924,1775,1464,96,105,21114622235
15490,1775,1687,9,108,967075532602
5834,1775,760,36,130,332533424751
10371,1775,595,75,57,4438337672356
16321,1800,2021,41,123,853317811409
13675,1800,2130,92,155,825959780622
3484,1800,223,29,64,0901262916188
14128,1800,1994,94,141,20469988675
5405,1800,541,24,100,13691026827
11245,1800,1509,68,134,253445975989
4009,1800,473,44,118,094287852332
11108,1800,1431,61,128,880986676269
6682,1800,615,27,92,0787189464232
11385,1800,1634,05,143,526570048309
8419,1800,1254,33,148,988003325811
10483,1800,1361,61,129,887436802442
13966,1800,1321,77,94,6419876843763
18042,1800,1760,57,97,5817536858441
5700,1800,657,77,115,398245614035
8854,1800,1081,02,122,093968827649
10659,1800,1028,35,96,4771554554836
6812,1800,592,12,86,9230769230769
8970,1800,1001,111,594202898551
18142,1800,1242,02,68,4610296549443
5715,1800,1079,34,188,860892388451
7407,1800,664,56,89,7205346294046
8809,1800,765,06,86,8498126915655
4742,1825,784,43,165,421762969211
13113,1825,1194,12,91,063829787234
12350,1850,1446,37,117,114979757085
8779,1850,1139,95,129,849641189201
7931,1850,995,33,125,4986760812
9708,1850,1014,94,104,546765554182
11762,1850,1136,66,96,6383268151675
15671,1850,1675,98,106,947865484015
8901,1850,771,17,86,6385799348388
13123,1850,1188,58,90,5722776804084
16022,1850,1682,62,105,019348395956
13434,1850,1625,9,121,028733065357
6533,1850,778,27,119,129037195775
16646,1850,2069,93,124,349993992551
7335,1850,856,04,116,706203135651
14226,1850,1546,67,108,721355265008
13236,1850,1292,16,97,6246600181324
14338,1850,1462,35,101,991212163482
16075,1850,2682,08,166,847900466563
17124,1850,965,31,56,3717589348283
11245,1850,842,57,74,9284126278346
16501,1875,1986,19,120,367856493546
15154,1875,2169,5,143,163521182526
4189,1875,360,18,85,9823346860826
9274,1875,840,63,90,6437351736036
5700,1875,564,55,99,0438596491228
17174,1875,2038,8,118,714335623617
8767,1875,1130,91,128,996235884567
15763,1875,2034,01,129,036985345429
13619,1875,1726,72,126,787576180336
7139,1875,628,74,88,0711584255498
10045,1875,761,11,75,7700348432056
11846,1875,3664,97,309,384602397434
9829,1900,1131,01,115,068674331061
9117,1900,981,99,107,709772951629
14218,1900,1987,31,139,774229849487
7453,1900,794,67,106,624178183282
6573,1900,763,87,116,213296820326
10857,1900,1395,35,128,520770010132
7418,1900,1014,23,136,725532488541
17788,1900,2080,75,116,974926917023
16128,1900,1781,58,110,465029761905
5671,1900,625,66,110,326221125022
13848,1900,1169,02,84,4179664933564
14538,1900,1588,54,109,268124914018
6191,1900,755,4,122,015829429817
8823,1925,818,99,92,8244361328346
10264,1925,1568,78,152,842946219797
7994,1925,1376,49,172,190392794596
15505,1925,2035,06,131,251854240568
12888,1925,1117,04,86,6728739913097
8584,1925,783,41,91,2639794967381
17975,1925,1732,75,96,3977746870654
8368,1925,406,55,48,5838910133843
4089,1950,439,56,107,498165810712
7877,1950,936,09,118,838390250095
19194,1950,2535,42,132,094404501407
9218,1950,1212,6,131,546973313083
8791,1950,1379,37,156,907064042771
8983,1950,1070,89,119,212957809195
13424,1950,1707,48,127,196066746126
8620,1950,1139,6,132,204176334107
12217,1950,1662,96,136,118523369076
17426,1950,2174,8,124,80201997016
7113,1950,790,62,111,151412905947
4919,1950,471,08,95,7674324049604
17323,1950,1384,56,79,9261097962247
18834,1975,2415,54,128,254221089519
3035,1975,541,9,178,550247116969
5340,1975,716,13,134,106741573034
7923,1975,871,31,109,972232740124
10014,1975,1005,8,100,439384861194
4046,2000,404,86,100,064260998517
16091,2000,1398,37,86,9038593002299
18294,2000,2033,06,111,132611785285
10441,2000,724,44,69,3841586054975
13327,2000,1347,74,101,128536054626
18964,2000,1745,13,92,023307319131
9956,2000,888,45,89,2376456408196
3300,2000,279,63,84,7363636363636
5000,2025,743,65,148,73
17684,2025,2048,85,115,858968559149
4627,2025,998,36,215,768316403717
8341,2025,1073,3,128,677616592735
10706,2025,928,93,86,7672333271063
17828,2025,2379,67,133,479358312766
15040,2025,1626,87,108,16954787234
9320,2025,1168,125,321888412017
12192,2025,1336,08,109,586614173228
17797,2025,1567,98,88,1036129684778
8721,2025,546,84,62,703818369453
19485,2025,1758,1,90,228380805748
19561,2025,2947,150,6569193804
4468,2025,676,89,151,497314234557
11406,2050,1355,42,118,833947045415
16870,2050,1715,67,101,699466508595
14477,2050,1394,48,96,3238239966844
9906,2050,1021,11,103,079951544518
4096,2050,594,96,145,25390625
3507,2050,408,23,116,404334188765
8652,2050,748,87,86,5545538603791
5333,2050,1967,47,368,923682730171
14068,2075,1995,96,141,879442706852
14753,2075,1433,66,97,1775232156172
11929,2075,423,06,35,4648335987929
18635,2100,2130,22,114,312852159914
15664,2100,2355,29,150,363253319714
5208,2100,560,99,107,716973886329
12313,2125,1511,31,122,741005441403
19674,2125,1840,38,93,5437633424824
3814,2125,678,42,177,876245411641
13481,2125,1406,04,104,297900749203
4451,2150,576,84,129,597843181308
3770,2150,337,61,89,551724137931
9944,2150,1145,41,115,186041834272
9253,2150,1268,42,137,082027450557
16753,2150,2254,07,134,547245269504
4479,2150,377,14,84,2018307657959
3464,2150,481,78,139,081986143187
12006,2150,1708,37,142,293020156588
19495,2150,2250,98,115,4644780713
9993,2150,1017,01,101,772240568398
15388,2150,2187,34,142,145827917858
7106,2150,990,14,139,338587109485
3293,2175,1218,82,370,124506529001
4402,2175,369,07,83,8414357110404
5724,2175,533,38,93,1830887491265
12227,2175,1218,81,99,6818516398135
7235,2200,859,25,118,762957843815
4862,2200,411,54,84,6441793500617
13384,2200,1651,55,123,397340107591
9693,2200,1104,42,113,939956669762
9163,2200,1295,36,141,368547418968
8795,2200,1755,17,199,564525298465
17680,2200,1948,62,110,216063348416
3240,2225,417,87,128,972222222222
13941,2225,1786,94,128,178753317553
16643,2225,1373,22,82,5103647178994
3172,2225,765,26,241,25472887768
19666,2225,2175,92,110,643750635615
7799,2250,808,16,103,623541479677
18503,2250,2309,84,124,835972544993
9451,2250,763,53,80,7882763728706
19100,2250,1528,75,80,0392670157068
3757,2250,1651,87,439,677934522225
3705,2250,1488,26,401,689608636977
4755,2275,419,05,88,1282860147214
7356,2275,756,92,102,898314301251
14798,2275,1677,81,113,380862278686
12441,2275,811,21,65,2045655493931
18531,2275,4067,36,219,489504074254
9975,2275,281,29,28,1994987468672
3044,2300,1993,23,654,8061760841
3131,2300,312,68,99,8658575534973
10911,2300,2577,53,236,232242690862
12578,2300,1917,96,152,485291779297
17586,2300,1944,61,110,577163652906
3887,2300,548,77,141,180859274505
6145,2300,722,71,117,609438567941
5171,2300,1100,1,212,744150067685
11477,2325,1378,05,120,070575934478
13922,2325,1982,73,142,417037781928
18041,2325,2047,95,113,516434787429
6361,2350,1332,18,209,429335010219
4817,2375,404,85,84,0460867760016
19117,2400,2362,92,123,603075796412
4992,2400,45,56,9,12660256410256
15895,2425,2208,21,138,924819125511
19877,2450,1908,19,95,9998993811944
3110,2450,704,25,226,446945337621
13958,2450,1721,67,123,346467975355
19551,2500,2714,24,138,828704414096
11864,2500,1206,54,101,6975724882
12324,2500,2361,19,191,592827004219
5006,2500,1366,87,273,046344386736
9140,2525,1450,11,158,655361050328
17972,2525,2845,48,158,328511017138
8785,2525,1716,19,195,354581673307
12508,2525,1122,78,89,7649504317237
7487,2550,648,72,86,6461867236543
8924,2575,1118,69,125,357463021067
18500,2600,2368,39,128,021081081081
5540,2600,859,75,155,189530685921
10687,2600,1401,3,131,121923832694
6402,2625,778,06,121,533895657607
18869,2625,2166,72,114,829614711961
6221,2625,2164,22,347,889406847774
4820,2650,1022,24,212,082987551867
19598,2675,2318,03,118,278906010817
4142,2700,845,84,204,21052631579
11431,2700,4844,73,423,823812439857
3878,2700,733,26,189,082001031459
3659,2700,886,16,242,186389723968
8040,2725,1659,4,206,393034825871
6498,2725,1609,52,247,694675284703
7715,2725,314,62,40,7802981205444
3390,2750,563,39,166,191740412979
12315,2775,1828,25,148,457166057653
16827,2775,1703,73,101,249777143876
5577,2800,514,58,92,2682445759369
8105,2800,964,64,119,01789019124
3594,2825,596,46,165,959933222037
13913,2850,2052,76,147,542586070581
10473,2850,1040,91,99,3898596390719
6849,2875,1461,78,213,429697766097
4318,2925,713,14,165,155164427976
4134,2950,739,18,178,805031446541
10100,2950,1349,7,133,633663366337
16569,2975,2000,15,120,716398092824
17456,2975,715,43,40,9847616865261
6727,3000,820,46,121,965214806006
13727,3000,1321,96,96,3036351715597
5402,3000,673,81,124,733432062199
3465,3025,645,35,186,248196248196
10160,3075,565,24,55,6338582677165
10122,3100,1062,74,104,993084370678
7318,3100,683,17,93,3547417327138
4106,3100,1301,32,316,931320019484
4642,3150,183,99,39,6359327875915
4018,3175,528,39,131,505724240916
7550,3200,2177,17,288,366887417219
11163,3225,1783,159,724088506674
15925,3225,1683,58,105,719309262166
4706,3250,731,96,155,537611559711
4379,3275,590,13,134,763644667732
4773,3300,1359,76,284,885816048607
3596,3300,646,03,179,652391546162
14146,3300,742,63,52,497525802347
3640,3325,570,34,156,686813186813
9644,3350,1337,66,138,703857320614
9464,3375,1206,04,127,434488588335
5415,3400,1841,93,340,153277931671
8603,3425,1203,81,139,929094501918
3081,3475,461,84,149,899383317105
4612,3500,2587,03,560,934518647008
5218,3525,602,12,115,392870831736
15699,3550,1600,89,101,974011083509
19542,3550,791,08,40,4810152492068
7862,3550,530,7,67,5019079114729
6833,3600,5948,99,870,626372018147
5259,3750,898,87,170,920327058376
11155,3750,4664,54,418,156880322725
13766,3850,1499,43,108,922708121459
7098,3850,1645,61,231,841363764441
14352,3900,1954,04,136,151059085842
12486,3900,685,28,54,8838699343264
3044,3950,91,42,30,0328515111695
7261,4000,2225,47,306,496350364963
8326,4000,3005,28,360,951237088638
3305,4000,244,09,73,8547655068079
8729,4000,459,79,52,6738458013518
5365,4050,1946,72,362,855545200373
7003,4100,1522,56,217,415393402827
10448,4150,1581,4,151,35911179173
5397,4200,449,88,83,3574207893274
10788,4400,2946,63,273,139599555061
10130,4600,2078,42,205,174728529121
17607,4700,2123,79,120,621911739649
15600,4800,960,84,61,5923076923077
12040,4850,1971,24,163,724252491694
3168,4950,1004,99,317,231691919192
5022,4950,861,97,171,638789326961
3498,5000,1050,71,300,374499714122
3310,5100,441,38,133,347432024169
8257,5100,2664,96,322,751604699043
13328,5100,2452,33,183,998349339736
5628,5200,1724,93,306,490760483298
3990,5200,794,28,199,067669172932
8575,5300,1522,65,177,568513119534
9497,5500,1726,09,181,751079288196
10168,5600,2678,9,263,463808025177
12620,5600,2305,5,182,686212361331
6811,5600,740,31,108,693290265747
4910,6050,924,08,188,20366598778
6882,6450,257,24,37,3786689915722
4830,6450,291,45,60,3416149068323
3772,6900,166,19,44,058854718982
11157,7450,2373,04,212,695168952227
6943,7600,1691,04,243,560420567478
6827,8850,444,27,65,0754357697378
